name, seq
M_NSR_1,AAAGCA
M_NSR_2,AACCGG
M_NSR_3,AACCTA
M_NSR_4,AACGAG
M_NSR_5,AACGTC
M_NSR_6,AACTAT
M_NSR_7,AACTCG
M_NSR_8,AACTGG
M_NSR_9,AACTGT
M_NSR_10,AAGATT
M_NSR_11,AAGCGT
M_NSR_12,AAGGCG
M_NSR_13,AAGTAT
M_NSR_14,AAGTGT
M_NSR_15,AATTCG
M_NSR_16,ACAACG
M_NSR_17,ACAATT
M_NSR_18,ACACAG
M_NSR_19,ACACTA
M_NSR_20,ACACTT
M_NSR_21,ACAGAA
M_NSR_22,ACAGCC
M_NSR_23,ACAGCT
M_NSR_24,ACAGGA
M_NSR_25,ACATCC
M_NSR_26,ACCACG
M_NSR_27,ACCTAG
M_NSR_28,ACCTAT
M_NSR_29,ACCTGA
M_NSR_30,ACGAAG
M_NSR_31,ACGACA
M_NSR_32,ACGAGA
M_NSR_33,ACGATC
M_NSR_34,ACGCAG
M_NSR_35,ACGCCT
M_NSR_36,ACGTAA
M_NSR_37,ACGTCC
M_NSR_38,ACGTTA
M_NSR_39,ACGTTG
M_NSR_40,ACTACA
M_NSR_41,ACTAGC
M_NSR_42,ACTATG
M_NSR_43,ACTCAC
M_NSR_44,ACTCCA
M_NSR_45,ACTCGA
M_NSR_46,ACTCTG
M_NSR_47,ACTGGT
M_NSR_48,ACTGTT
M_NSR_49,AGACCA
M_NSR_50,AGATGC
M_NSR_51,AGATTG
M_NSR_52,AGCACC
M_NSR_53,AGCACG
M_NSR_54,AGCGAT
M_NSR_55,AGCGCA
M_NSR_56,AGCGTA
M_NSR_57,AGCGTG
M_NSR_58,AGCGTT
M_NSR_59,AGCTAG
M_NSR_60,AGGAGT
M_NSR_61,AGGATG
M_NSR_62,AGGCTA
M_NSR_63,AGGTGC
M_NSR_64,AGTAAC
M_NSR_65,AGTAAG
M_NSR_66,AGTACG
M_NSR_67,AGTACT
M_NSR_68,AGTATC
M_NSR_69,AGTATT
M_NSR_70,AGTCCA
M_NSR_71,AGTCGA
M_NSR_72,AGTGAC
M_NSR_73,AGTGCA
M_NSR_74,ATACGG
M_NSR_75,ATACGT
M_NSR_76,ATAGAG
M_NSR_77,ATAGCC
M_NSR_78,ATATCC
M_NSR_79,ATATCG
M_NSR_80,ATATTA
M_NSR_81,ATCAGG
M_NSR_82,ATCCGT
M_NSR_83,ATCCTA
M_NSR_84,ATCGAC
M_NSR_85,ATCTCA
M_NSR_86,ATCTTA
M_NSR_87,ATCTTG
M_NSR_88,ATGAGT
M_NSR_89,ATGCAG
M_NSR_90,ATGCGA
M_NSR_91,ATGCGT
M_NSR_92,ATGCTC
M_NSR_93,ATGTAA
M_NSR_94,ATGTCA
M_NSR_95,ATGTCG
M_NSR_96,ATTACG
M_NSR_97,ATTCGA
M_NSR_98,ATTGTA
M_NSR_99,ATTGTG
M_NSR_100,ATTTCG
M_NSR_101,CAACCT
M_NSR_102,CAACGA
M_NSR_103,CAACTC
M_NSR_104,CAATGT
M_NSR_105,CACAAC
M_NSR_106,CACAGC
M_NSR_107,CACAGG
M_NSR_108,CACGAT
M_NSR_109,CACGTG
M_NSR_110,CAGAAC
M_NSR_111,CAGAAT
M_NSR_112,CAGCAC
M_NSR_113,CAGCGT
M_NSR_114,CAGGAG
M_NSR_115,CAGTAA
M_NSR_116,CAGTAT
M_NSR_117,CAGTCT
M_NSR_118,CATAAG
M_NSR_119,CATACC
M_NSR_120,CATACG
M_NSR_121,CATAGC
M_NSR_122,CATCAA
M_NSR_123,CATCCG
M_NSR_124,CATCTG
M_NSR_125,CATGAC
M_NSR_126,CCAGTA
M_NSR_127,CCCGTA
M_NSR_128,CCCTAC
M_NSR_129,CCCTCA
M_NSR_130,CCGAAC
M_NSR_131,CCGCAA
M_NSR_132,CCGTAG
M_NSR_133,CCGTGA
M_NSR_134,CCTACC
M_NSR_135,CCTAGT
M_NSR_136,CCTATC
M_NSR_137,CCTATG
M_NSR_138,CCTGAA
M_NSR_139,CCTGCA
M_NSR_140,CGAACA
M_NSR_141,CGAACT
M_NSR_142,CGAAGC
M_NSR_143,CGAATC
M_NSR_144,CGACAC
M_NSR_145,CGACAG
M_NSR_146,CGAGTC
M_NSR_147,CGATAC
M_NSR_148,CGATAG
M_NSR_149,CGATCT
M_NSR_150,CGATGT
M_NSR_151,CGCAAC
M_NSR_152,CGCACA
M_NSR_153,CGCATG
M_NSR_154,CGCCTA
M_NSR_155,CGCTAG
M_NSR_156,CGGAGT
M_NSR_157,CGGTAA
M_NSR_158,CGGTGC
M_NSR_159,CGGTTA
M_NSR_160,CGTAAT
M_NSR_161,CGTACA
M_NSR_162,CGTACC
M_NSR_163,CGTAGA
M_NSR_164,CGTAGC
M_NSR_165,CGTAGT
M_NSR_166,CGTCCG
M_NSR_167,CGTCGA
M_NSR_168,CGTCGT
M_NSR_169,CGTCTC
M_NSR_170,CGTGAA
M_NSR_171,CGTGAT
M_NSR_172,CGTGGA
M_NSR_173,CGTGGC
M_NSR_174,CGTGTG
M_NSR_175,CGTTGC
M_NSR_176,CGTTGG
M_NSR_177,CGTTGT
M_NSR_178,CTAAAG
M_NSR_179,CTAACT
M_NSR_180,CTAGAC
M_NSR_181,CTAGCA
M_NSR_182,CTAGCC
M_NSR_183,CTAGGA
M_NSR_184,CTAGTG
M_NSR_185,CTATCT
M_NSR_186,CTATGC
M_NSR_187,CTATGT
M_NSR_188,CTCAAG
M_NSR_189,CTCCGT
M_NSR_190,CTCGAC
M_NSR_191,CTCGAG
M_NSR_192,CTCGCT
M_NSR_193,CTCGGA
M_NSR_194,CTCTGA
M_NSR_195,CTGACG
M_NSR_196,CTGCAA
M_NSR_197,CTGGAC
M_NSR_198,CTGGCG
M_NSR_199,CTGTAG
M_NSR_200,CTGTGA
M_NSR_201,CTGTGC
M_NSR_202,CTTACA
M_NSR_203,CTTCAG
M_NSR_204,CTTGAG
M_NSR_205,CTTGCA
M_NSR_206,CTTGCT
M_NSR_207,GAAATG
M_NSR_208,GAACAT
M_NSR_209,GAACTG
M_NSR_210,GAAGGT
M_NSR_211,GAAGTA
M_NSR_212,GAAGTC
M_NSR_213,GAATAC
M_NSR_214,GACAAT
M_NSR_215,GACAGA
M_NSR_216,GACAGC
M_NSR_217,GACATA
M_NSR_218,GACCAG
M_NSR_219,GACCAT
M_NSR_220,GACCGG
M_NSR_221,GACCTT
M_NSR_222,GACGAT
M_NSR_223,GACGCA
M_NSR_224,GACGTA
M_NSR_225,GACTGT
M_NSR_226,GAGACT
M_NSR_227,GAGATA
M_NSR_228,GAGTAA
M_NSR_229,GAGTAC
M_NSR_230,GAGTGC
M_NSR_231,GAGTTA
M_NSR_232,GATACG
M_NSR_233,GATAGC
M_NSR_234,GATATC
M_NSR_235,GATCAT
M_NSR_236,GATCGA
M_NSR_237,GATCTA
M_NSR_238,GATCTC
M_NSR_239,GATGCA
M_NSR_240,GATGCC
M_NSR_241,GATGCG
M_NSR_242,GATTGA
M_NSR_243,GATTGT
M_NSR_244,GCAAAG
M_NSR_245,GCACAA
M_NSR_246,GCACAG
M_NSR_247,GCACTA
M_NSR_248,GCAGTA
M_NSR_249,GCAGTC
M_NSR_250,GCATAA
M_NSR_251,GCATAC
M_NSR_252,GCCAAA
M_NSR_253,GCCTAA
M_NSR_254,GCCTAG
M_NSR_255,GCGAAG
M_NSR_256,GCGACA
M_NSR_257,GCGATA
M_NSR_258,GCGCTA
M_NSR_259,GCGTCT
M_NSR_260,GCGTGG
M_NSR_261,GCGTGT
M_NSR_262,GCGTTG
M_NSR_263,GCGTTT
M_NSR_264,GCTAAA
M_NSR_265,GCTAAC
M_NSR_266,GCTAGC
M_NSR_267,GCTCAG
M_NSR_268,GCTCGA
M_NSR_269,GGAAAT
M_NSR_270,GGACAA
M_NSR_271,GGACTA
M_NSR_272,GGAGCA
M_NSR_273,GGATGC
M_NSR_274,GGCGTC
M_NSR_275,GGGATA
M_NSR_276,GGGGCA
M_NSR_277,GGTAAG
M_NSR_278,GGTCGA
M_NSR_279,GGTGCA
M_NSR_280,GGTGCT
M_NSR_281,GTAACG
M_NSR_282,GTAAGA
M_NSR_283,GTACAC
M_NSR_284,GTACAG
M_NSR_285,GTACCC
M_NSR_286,GTACCT
M_NSR_287,GTACTC
M_NSR_288,GTAGAT
M_NSR_289,GTAGTC
M_NSR_290,GTCACA
M_NSR_291,GTCACG
M_NSR_292,GTCATT
M_NSR_293,GTCCAT
M_NSR_294,GTCCCA
M_NSR_295,GTCGAA
M_NSR_296,GTCGCA
M_NSR_297,GTCGGT
M_NSR_298,GTCTGC
M_NSR_299,GTCTGG
M_NSR_300,GTGAAG
M_NSR_301,GTGACA
M_NSR_302,GTGAGC
M_NSR_303,GTGATA
M_NSR_304,GTGATC
M_NSR_305,GTGCAA
M_NSR_306,GTGCAC
M_NSR_307,GTGCAT
M_NSR_308,GTGCGG
M_NSR_309,GTGCTA
M_NSR_310,GTGTCA
M_NSR_311,GTGTTA
M_NSR_312,GTTCGC
M_NSR_313,GTTGCC
M_NSR_314,GTTGCG
M_NSR_315,GTTGCT
M_NSR_316,GTTGGC
M_NSR_317,GTTGTC
M_NSR_318,TAACGA
M_NSR_319,TAAGAC
M_NSR_320,TAAGCG
M_NSR_321,TAAGTG
M_NSR_322,TACACG
M_NSR_323,TACACT
M_NSR_324,TACAGT
M_NSR_325,TACCCC
M_NSR_326,TACGAT
M_NSR_327,TACGCA
M_NSR_328,TACGGG
M_NSR_329,TACGTG
M_NSR_330,TACTCT
M_NSR_331,TAGAGA
M_NSR_332,TAGCAC
M_NSR_333,TAGCCA
M_NSR_334,TAGCGT
M_NSR_335,TAGCTA
M_NSR_336,TAGTGA
M_NSR_337,TAGTGC
M_NSR_338,TATCGC
M_NSR_339,TATCTC
M_NSR_340,TATGAG
M_NSR_341,TATGCG
M_NSR_342,TATGTG
M_NSR_343,TCAGCA
M_NSR_344,TCCAGT
M_NSR_345,TCCATC
M_NSR_346,TCGACG
M_NSR_347,TCGACT
M_NSR_348,TCGAGC
M_NSR_349,TCGAGT
M_NSR_350,TCGCAC
M_NSR_351,TCGGTG
M_NSR_352,TCGTAG
M_NSR_353,TCGTGG
M_NSR_354,TCTAAC
M_NSR_355,TCTATC
M_NSR_356,TCTCAA
M_NSR_357,TCTCGA
M_NSR_358,TCTCGC
M_NSR_359,TCTGGA
M_NSR_360,TGACCA
M_NSR_361,TGACGC
M_NSR_362,TGACGT
M_NSR_363,TGACTG
M_NSR_364,TGAGTG
M_NSR_365,TGATGC
M_NSR_366,TGCAAG
M_NSR_367,TGCACA
M_NSR_368,TGCAGG
M_NSR_369,TGCAGT
M_NSR_370,TGCATA
M_NSR_371,TGCCAA
M_NSR_372,TGCCGC
M_NSR_373,TGCGAA
M_NSR_374,TGCGAC
M_NSR_375,TGCGCA
M_NSR_376,TGCGGG
M_NSR_377,TGCGTC
M_NSR_378,TGCTAT
M_NSR_379,TGCTCG
M_NSR_380,TGGACG
M_NSR_381,TGGCGT
M_NSR_382,TGGGAC
M_NSR_383,TGGGGC
M_NSR_384,TGGTAC
M_NSR_385,TGTAGA
M_NSR_386,TGTAGT
M_NSR_387,TGTATG
M_NSR_388,TGTCAC
M_NSR_389,TGTCAG
M_NSR_390,TGTCAT
M_NSR_391,TGTCGC
M_NSR_392,TGTCGG
M_NSR_393,TGTGAC
M_NSR_394,TGTGAG
M_NSR_395,TGTGCA
M_NSR_396,TGTGCC
M_NSR_397,TTACAT
M_NSR_398,TTACGT
M_NSR_399,TTCCTG
M_NSR_400,TTCGTG
M_NSR_401,TTGACG
M_NSR_402,TTGCGA
M_NSR_403,TTGTAG
M_NSR_404,TTGTAT
M_NSR_405,TTGTCA
M_NSR_406,TTGTCT
M_NSR_407,TTGTGC
M_NSR_408,TTTGTC