,name,seq
0,NSR_Ecoli_0000,GGGGGG
1,NSR_Ecoli_0002,GGGGGT
2,NSR_Ecoli_0007,GGGGAC
3,NSR_Ecoli_0008,GGGGTG
4,NSR_Ecoli_0012,GGGGCG
5,NSR_Ecoli_0016,GGGAGG
6,NSR_Ecoli_0018,GGGAGT
7,NSR_Ecoli_0019,GGGAGC
8,NSR_Ecoli_0020,GGGAAG
9,NSR_Ecoli_0021,GGGAAA
10,NSR_Ecoli_0025,GGGATA
11,NSR_Ecoli_0028,GGGACG
12,NSR_Ecoli_0033,GGGTGA
13,NSR_Ecoli_0034,GGGTGT
14,NSR_Ecoli_0035,GGGTGC
15,NSR_Ecoli_0036,GGGTAG
16,NSR_Ecoli_0041,GGGTTA
17,NSR_Ecoli_0047,GGGTCC
18,NSR_Ecoli_0049,GGGCGA
19,NSR_Ecoli_0050,GGGCGT
20,NSR_Ecoli_0051,GGGCGC
21,NSR_Ecoli_0057,GGGCTA
22,NSR_Ecoli_0059,GGGCTC
23,NSR_Ecoli_0064,GGAGGG
24,NSR_Ecoli_0067,GGAGGC
25,NSR_Ecoli_0068,GGAGAG
26,NSR_Ecoli_0072,GGAGTG
27,NSR_Ecoli_0076,GGAGCG
28,NSR_Ecoli_0078,GGAGCT
29,NSR_Ecoli_0079,GGAGCC
30,NSR_Ecoli_0080,GGAAGG
31,NSR_Ecoli_0081,GGAAGA
32,NSR_Ecoli_0082,GGAAGT
33,NSR_Ecoli_0084,GGAAAG
34,NSR_Ecoli_0087,GGAAAC
35,NSR_Ecoli_0088,GGAATG
36,NSR_Ecoli_0093,GGAACA
37,NSR_Ecoli_0099,GGATGC
38,NSR_Ecoli_0100,GGATAG
39,NSR_Ecoli_0102,GGATAT
40,NSR_Ecoli_0104,GGATTG
41,NSR_Ecoli_0110,GGATCT
42,NSR_Ecoli_0111,GGATCC
43,NSR_Ecoli_0112,GGACGG
44,NSR_Ecoli_0113,GGACGA
45,NSR_Ecoli_0115,GGACGC
46,NSR_Ecoli_0118,GGACAT
47,NSR_Ecoli_0119,GGACAC
48,NSR_Ecoli_0120,GGACTG
49,NSR_Ecoli_0123,GGACTC
50,NSR_Ecoli_0131,GGTGGC
51,NSR_Ecoli_0133,GGTGAA
52,NSR_Ecoli_0135,GGTGAC
53,NSR_Ecoli_0137,GGTGTA
54,NSR_Ecoli_0138,GGTGTT
55,NSR_Ecoli_0139,GGTGTC
56,NSR_Ecoli_0140,GGTGCG
57,NSR_Ecoli_0144,GGTAGG
58,NSR_Ecoli_0145,GGTAGA
59,NSR_Ecoli_0146,GGTAGT
60,NSR_Ecoli_0147,GGTAGC
61,NSR_Ecoli_0149,GGTAAA
62,NSR_Ecoli_0150,GGTAAT
63,NSR_Ecoli_0152,GGTATG
64,NSR_Ecoli_0153,GGTATA
65,NSR_Ecoli_0159,GGTACC
66,NSR_Ecoli_0170,GGTTTT
67,NSR_Ecoli_0183,GGTCAC
68,NSR_Ecoli_0187,GGTCTC
69,NSR_Ecoli_0189,GGTCCA
70,NSR_Ecoli_0192,GGCGGG
71,NSR_Ecoli_0193,GGCGGA
72,NSR_Ecoli_0195,GGCGGC
73,NSR_Ecoli_0198,GGCGAT
74,NSR_Ecoli_0199,GGCGAC
75,NSR_Ecoli_0201,GGCGTA
76,NSR_Ecoli_0204,GGCGCG
77,NSR_Ecoli_0205,GGCGCA
78,NSR_Ecoli_0207,GGCGCC
79,NSR_Ecoli_0211,GGCAGC
80,NSR_Ecoli_0214,GGCAAT
81,NSR_Ecoli_0217,GGCATA
82,NSR_Ecoli_0222,GGCACT
83,NSR_Ecoli_0225,GGCTGA
84,NSR_Ecoli_0229,GGCTAA
85,NSR_Ecoli_0230,GGCTAT
86,NSR_Ecoli_0231,GGCTAC
87,NSR_Ecoli_0236,GGCTCG
88,NSR_Ecoli_0244,GGCCAG
89,NSR_Ecoli_0247,GGCCAC
90,NSR_Ecoli_0253,GGCCCA
91,NSR_Ecoli_0256,GAGGGG
92,NSR_Ecoli_0258,GAGGGT
93,NSR_Ecoli_0259,GAGGGC
94,NSR_Ecoli_0261,GAGGAA
95,NSR_Ecoli_0263,GAGGAC
96,NSR_Ecoli_0265,GAGGTA
97,NSR_Ecoli_0266,GAGGTT
98,NSR_Ecoli_0269,GAGGCA
99,NSR_Ecoli_0272,GAGAGG
100,NSR_Ecoli_0273,GAGAGA
101,NSR_Ecoli_0274,GAGAGT
102,NSR_Ecoli_0275,GAGAGC
103,NSR_Ecoli_0276,GAGAAG
104,NSR_Ecoli_0277,GAGAAA
105,NSR_Ecoli_0278,GAGAAT
106,NSR_Ecoli_0281,GAGATA
107,NSR_Ecoli_0282,GAGATT
108,NSR_Ecoli_0283,GAGATC
109,NSR_Ecoli_0284,GAGACG
110,NSR_Ecoli_0288,GAGTGG
111,NSR_Ecoli_0289,GAGTGA
112,NSR_Ecoli_0290,GAGTGT
113,NSR_Ecoli_0291,GAGTGC
114,NSR_Ecoli_0292,GAGTAG
115,NSR_Ecoli_0293,GAGTAA
116,NSR_Ecoli_0301,GAGTCA
117,NSR_Ecoli_0303,GAGTCC
118,NSR_Ecoli_0307,GAGCGC
119,NSR_Ecoli_0310,GAGCAT
120,NSR_Ecoli_0311,GAGCAC
121,NSR_Ecoli_0318,GAGCCT
122,NSR_Ecoli_0320,GAAGGG
123,NSR_Ecoli_0321,GAAGGA
124,NSR_Ecoli_0324,GAAGAG
125,NSR_Ecoli_0325,GAAGAA
126,NSR_Ecoli_0326,GAAGAT
127,NSR_Ecoli_0327,GAAGAC
128,NSR_Ecoli_0328,GAAGTG
129,NSR_Ecoli_0329,GAAGTA
130,NSR_Ecoli_0331,GAAGTC
131,NSR_Ecoli_0332,GAAGCG
132,NSR_Ecoli_0334,GAAGCT
133,NSR_Ecoli_0336,GAAAGG
134,NSR_Ecoli_0337,GAAAGA
135,NSR_Ecoli_0339,GAAAGC
136,NSR_Ecoli_0340,GAAAAG
137,NSR_Ecoli_0341,GAAAAA
138,NSR_Ecoli_0342,GAAAAT
139,NSR_Ecoli_0344,GAAATG
140,NSR_Ecoli_0345,GAAATA
141,NSR_Ecoli_0346,GAAATT
142,NSR_Ecoli_0348,GAAACG
143,NSR_Ecoli_0350,GAAACT
144,NSR_Ecoli_0351,GAAACC
145,NSR_Ecoli_0352,GAATGG
146,NSR_Ecoli_0353,GAATGA
147,NSR_Ecoli_0354,GAATGT
148,NSR_Ecoli_0355,GAATGC
149,NSR_Ecoli_0356,GAATAG
150,NSR_Ecoli_0357,GAATAA
151,NSR_Ecoli_0359,GAATAC
152,NSR_Ecoli_0360,GAATTG
153,NSR_Ecoli_0364,GAATCG
154,NSR_Ecoli_0367,GAATCC
155,NSR_Ecoli_0368,GAACGG
156,NSR_Ecoli_0369,GAACGA
157,NSR_Ecoli_0373,GAACAA
158,NSR_Ecoli_0377,GAACTA
159,NSR_Ecoli_0380,GAACCG
160,NSR_Ecoli_0382,GAACCT
161,NSR_Ecoli_0384,GATGGG
162,NSR_Ecoli_0385,GATGGA
163,NSR_Ecoli_0390,GATGAT
164,NSR_Ecoli_0393,GATGTA
165,NSR_Ecoli_0401,GATAGA
166,NSR_Ecoli_0403,GATAGC
167,NSR_Ecoli_0405,GATAAA
168,NSR_Ecoli_0406,GATAAT
169,NSR_Ecoli_0409,GATATA
170,NSR_Ecoli_0410,GATATT
171,NSR_Ecoli_0411,GATATC
172,NSR_Ecoli_0412,GATACG
173,NSR_Ecoli_0413,GATACA
174,NSR_Ecoli_0414,GATACT
175,NSR_Ecoli_0417,GATTGA
176,NSR_Ecoli_0418,GATTGT
177,NSR_Ecoli_0419,GATTGC
178,NSR_Ecoli_0422,GATTAT
179,NSR_Ecoli_0425,GATTTA
180,NSR_Ecoli_0428,GATTCG
181,NSR_Ecoli_0430,GATTCT
182,NSR_Ecoli_0432,GATCGG
183,NSR_Ecoli_0433,GATCGA
184,NSR_Ecoli_0435,GATCGC
185,NSR_Ecoli_0436,GATCAG
186,NSR_Ecoli_0438,GATCAT
187,NSR_Ecoli_0440,GATCTG
188,NSR_Ecoli_0441,GATCTA
189,NSR_Ecoli_0442,GATCTT
190,NSR_Ecoli_0444,GATCCG
191,NSR_Ecoli_0446,GATCCT
192,NSR_Ecoli_0447,GATCCC
193,NSR_Ecoli_0450,GACGGT
194,NSR_Ecoli_0451,GACGGC
195,NSR_Ecoli_0452,GACGAG
196,NSR_Ecoli_0453,GACGAA
197,NSR_Ecoli_0454,GACGAT
198,NSR_Ecoli_0456,GACGTG
199,NSR_Ecoli_0457,GACGTA
200,NSR_Ecoli_0460,GACGCG
201,NSR_Ecoli_0463,GACGCC
202,NSR_Ecoli_0465,GACAGA
203,NSR_Ecoli_0466,GACAGT
204,NSR_Ecoli_0469,GACAAA
205,NSR_Ecoli_0470,GACAAT
206,NSR_Ecoli_0472,GACATG
207,NSR_Ecoli_0473,GACATA
208,NSR_Ecoli_0476,GACACG
209,NSR_Ecoli_0477,GACACA
210,NSR_Ecoli_0479,GACACC
211,NSR_Ecoli_0482,GACTGT
212,NSR_Ecoli_0484,GACTAG
213,NSR_Ecoli_0485,GACTAA
214,NSR_Ecoli_0486,GACTAT
215,NSR_Ecoli_0494,GACTCT
216,NSR_Ecoli_0496,GACCGG
217,NSR_Ecoli_0501,GACCAA
218,NSR_Ecoli_0502,GACCAT
219,NSR_Ecoli_0508,GACCCG
220,NSR_Ecoli_0512,GTGGGG
221,NSR_Ecoli_0514,GTGGGT
222,NSR_Ecoli_0515,GTGGGC
223,NSR_Ecoli_0517,GTGGAA
224,NSR_Ecoli_0520,GTGGTG
225,NSR_Ecoli_0522,GTGGTT
226,NSR_Ecoli_0523,GTGGTC
227,NSR_Ecoli_0524,GTGGCG
228,NSR_Ecoli_0527,GTGGCC
229,NSR_Ecoli_0528,GTGAGG
230,NSR_Ecoli_0529,GTGAGA
231,NSR_Ecoli_0530,GTGAGT
232,NSR_Ecoli_0532,GTGAAG
233,NSR_Ecoli_0533,GTGAAA
234,NSR_Ecoli_0534,GTGAAT
235,NSR_Ecoli_0535,GTGAAC
236,NSR_Ecoli_0538,GTGATT
237,NSR_Ecoli_0541,GTGACA
238,NSR_Ecoli_0542,GTGACT
239,NSR_Ecoli_0543,GTGACC
240,NSR_Ecoli_0547,GTGTGC
241,NSR_Ecoli_0549,GTGTAA
242,NSR_Ecoli_0550,GTGTAT
243,NSR_Ecoli_0552,GTGTTG
244,NSR_Ecoli_0555,GTGTTC
245,NSR_Ecoli_0561,GTGCGA
246,NSR_Ecoli_0562,GTGCGT
247,NSR_Ecoli_0567,GTGCAC
248,NSR_Ecoli_0569,GTGCTA
249,NSR_Ecoli_0572,GTGCCG
250,NSR_Ecoli_0575,GTGCCC
251,NSR_Ecoli_0576,GTAGGG
252,NSR_Ecoli_0578,GTAGGT
253,NSR_Ecoli_0579,GTAGGC
254,NSR_Ecoli_0580,GTAGAG
255,NSR_Ecoli_0581,GTAGAA
256,NSR_Ecoli_0582,GTAGAT
257,NSR_Ecoli_0583,GTAGAC
258,NSR_Ecoli_0585,GTAGTA
259,NSR_Ecoli_0587,GTAGTC
260,NSR_Ecoli_0588,GTAGCG
261,NSR_Ecoli_0590,GTAGCT
262,NSR_Ecoli_0593,GTAAGA
263,NSR_Ecoli_0597,GTAAAA
264,NSR_Ecoli_0598,GTAAAT
265,NSR_Ecoli_0599,GTAAAC
266,NSR_Ecoli_0600,GTAATG
267,NSR_Ecoli_0601,GTAATA
268,NSR_Ecoli_0603,GTAATC
269,NSR_Ecoli_0606,GTAACT
270,NSR_Ecoli_0607,GTAACC
271,NSR_Ecoli_0608,GTATGG
272,NSR_Ecoli_0609,GTATGA
273,NSR_Ecoli_0610,GTATGT
274,NSR_Ecoli_0612,GTATAG
275,NSR_Ecoli_0613,GTATAA
276,NSR_Ecoli_0614,GTATAT
277,NSR_Ecoli_0616,GTATTG
278,NSR_Ecoli_0623,GTATCC
279,NSR_Ecoli_0630,GTACAT
280,NSR_Ecoli_0639,GTACCC
281,NSR_Ecoli_0640,GTTGGG
282,NSR_Ecoli_0643,GTTGGC
283,NSR_Ecoli_0645,GTTGAA
284,NSR_Ecoli_0647,GTTGAC
285,NSR_Ecoli_0648,GTTGTG
286,NSR_Ecoli_0649,GTTGTA
287,NSR_Ecoli_0651,GTTGTC
288,NSR_Ecoli_0655,GTTGCC
289,NSR_Ecoli_0661,GTTAAA
290,NSR_Ecoli_0666,GTTATT
291,NSR_Ecoli_0674,GTTTGT
292,NSR_Ecoli_0677,GTTTAA
293,NSR_Ecoli_0680,GTTTTG
294,NSR_Ecoli_0683,GTTTTC
295,NSR_Ecoli_0686,GTTTCT
296,NSR_Ecoli_0690,GTTCGT
297,NSR_Ecoli_0696,GTTCTG
298,NSR_Ecoli_0700,GTTCCG
299,NSR_Ecoli_0712,GTCGTG
300,NSR_Ecoli_0714,GTCGTT
301,NSR_Ecoli_0716,GTCGCG
302,NSR_Ecoli_0717,GTCGCA
303,NSR_Ecoli_0721,GTCAGA
304,NSR_Ecoli_0729,GTCATA
305,NSR_Ecoli_0730,GTCATT
306,NSR_Ecoli_0734,GTCACT
307,NSR_Ecoli_0737,GTCTGA
308,NSR_Ecoli_0738,GTCTGT
309,NSR_Ecoli_0739,GTCTGC
310,NSR_Ecoli_0740,GTCTAG
311,NSR_Ecoli_0741,GTCTAA
312,NSR_Ecoli_0743,GTCTAC
313,NSR_Ecoli_0745,GTCTTA
314,NSR_Ecoli_0750,GTCTCT
315,NSR_Ecoli_0752,GTCCGG
316,NSR_Ecoli_0754,GTCCGT
317,NSR_Ecoli_0757,GTCCAA
318,NSR_Ecoli_0758,GTCCAT
319,NSR_Ecoli_0760,GTCCTG
320,NSR_Ecoli_0761,GTCCTA
321,NSR_Ecoli_0765,GTCCCA
322,NSR_Ecoli_0766,GTCCCT
323,NSR_Ecoli_0768,GCGGGG
324,NSR_Ecoli_0772,GCGGAG
325,NSR_Ecoli_0773,GCGGAA
326,NSR_Ecoli_0774,GCGGAT
327,NSR_Ecoli_0775,GCGGAC
328,NSR_Ecoli_0778,GCGGTT
329,NSR_Ecoli_0780,GCGGCG
330,NSR_Ecoli_0785,GCGAGA
331,NSR_Ecoli_0788,GCGAAG
332,NSR_Ecoli_0789,GCGAAA
333,NSR_Ecoli_0790,GCGAAT
334,NSR_Ecoli_0793,GCGATA
335,NSR_Ecoli_0795,GCGATC
336,NSR_Ecoli_0797,GCGACA
337,NSR_Ecoli_0798,GCGACT
338,NSR_Ecoli_0799,GCGACC
339,NSR_Ecoli_0801,GCGTGA
340,NSR_Ecoli_0802,GCGTGT
341,NSR_Ecoli_0804,GCGTAG
342,NSR_Ecoli_0805,GCGTAA
343,NSR_Ecoli_0806,GCGTAT
344,NSR_Ecoli_0814,GCGTCT
345,NSR_Ecoli_0816,GCGCGG
346,NSR_Ecoli_0817,GCGCGA
347,NSR_Ecoli_0818,GCGCGT
348,NSR_Ecoli_0821,GCGCAA
349,NSR_Ecoli_0822,GCGCAT
350,NSR_Ecoli_0823,GCGCAC
351,NSR_Ecoli_0824,GCGCTG
352,NSR_Ecoli_0833,GCAGGA
353,NSR_Ecoli_0836,GCAGAG
354,NSR_Ecoli_0837,GCAGAA
355,NSR_Ecoli_0844,GCAGCG
356,NSR_Ecoli_0848,GCAAGG
357,NSR_Ecoli_0853,GCAAAA
358,NSR_Ecoli_0855,GCAAAC
359,NSR_Ecoli_0856,GCAATG
360,NSR_Ecoli_0858,GCAATT
361,NSR_Ecoli_0859,GCAATC
362,NSR_Ecoli_0860,GCAACG
363,NSR_Ecoli_0868,GCATAG
364,NSR_Ecoli_0870,GCATAT
365,NSR_Ecoli_0871,GCATAC
366,NSR_Ecoli_0872,GCATTG
367,NSR_Ecoli_0873,GCATTA
368,NSR_Ecoli_0881,GCACGA
369,NSR_Ecoli_0883,GCACGC
370,NSR_Ecoli_0888,GCACTG
371,NSR_Ecoli_0891,GCACTC
372,NSR_Ecoli_0896,GCTGGG
373,NSR_Ecoli_0897,GCTGGA
374,NSR_Ecoli_0900,GCTGAG
375,NSR_Ecoli_0902,GCTGAT
376,NSR_Ecoli_0905,GCTGTA
377,NSR_Ecoli_0906,GCTGTT
378,NSR_Ecoli_0914,GCTAGT
379,NSR_Ecoli_0915,GCTAGC
380,NSR_Ecoli_0916,GCTAAG
381,NSR_Ecoli_0917,GCTAAA
382,NSR_Ecoli_0920,GCTATG
383,NSR_Ecoli_0928,GCTTGG
384,NSR_Ecoli_0929,GCTTGA
385,NSR_Ecoli_0936,GCTTTG
386,NSR_Ecoli_0944,GCTCGG
387,NSR_Ecoli_0945,GCTCGA
388,NSR_Ecoli_0948,GCTCAG
389,NSR_Ecoli_0950,GCTCAT
390,NSR_Ecoli_0954,GCTCTT
391,NSR_Ecoli_0963,GCCGGC
392,NSR_Ecoli_0964,GCCGAG
393,NSR_Ecoli_0966,GCCGAT
394,NSR_Ecoli_0977,GCCAGA
395,NSR_Ecoli_0980,GCCAAG
396,NSR_Ecoli_0982,GCCAAT
397,NSR_Ecoli_0993,GCCTGA
398,NSR_Ecoli_1010,GCCCGT
399,NSR_Ecoli_1011,GCCCGC
400,NSR_Ecoli_1013,GCCCAA
401,NSR_Ecoli_1022,GCCCCT
402,NSR_Ecoli_1025,AGGGGA
403,NSR_Ecoli_1027,AGGGGC
404,NSR_Ecoli_1029,AGGGAA
405,NSR_Ecoli_1036,AGGGCG
406,NSR_Ecoli_1038,AGGGCT
407,NSR_Ecoli_1044,AGGAAG
408,NSR_Ecoli_1045,AGGAAA
409,NSR_Ecoli_1051,AGGATC
410,NSR_Ecoli_1052,AGGACG
411,NSR_Ecoli_1053,AGGACA
412,NSR_Ecoli_1054,AGGACT
413,NSR_Ecoli_1058,AGGTGT
414,NSR_Ecoli_1060,AGGTAG
415,NSR_Ecoli_1066,AGGTTT
416,NSR_Ecoli_1069,AGGTCA
417,NSR_Ecoli_1070,AGGTCT
418,NSR_Ecoli_1073,AGGCGA
419,NSR_Ecoli_1078,AGGCAT
420,NSR_Ecoli_1080,AGGCTG
421,NSR_Ecoli_1081,AGGCTA
422,NSR_Ecoli_1085,AGGCCA
423,NSR_Ecoli_1088,AGAGGG
424,NSR_Ecoli_1089,AGAGGA
425,NSR_Ecoli_1090,AGAGGT
426,NSR_Ecoli_1092,AGAGAG
427,NSR_Ecoli_1093,AGAGAA
428,NSR_Ecoli_1094,AGAGAT
429,NSR_Ecoli_1095,AGAGAC
430,NSR_Ecoli_1096,AGAGTG
431,NSR_Ecoli_1097,AGAGTA
432,NSR_Ecoli_1098,AGAGTT
433,NSR_Ecoli_1099,AGAGTC
434,NSR_Ecoli_1100,AGAGCG
435,NSR_Ecoli_1103,AGAGCC
436,NSR_Ecoli_1104,AGAAGG
437,NSR_Ecoli_1105,AGAAGA
438,NSR_Ecoli_1106,AGAAGT
439,NSR_Ecoli_1107,AGAAGC
440,NSR_Ecoli_1108,AGAAAG
441,NSR_Ecoli_1109,AGAAAA
442,NSR_Ecoli_1110,AGAAAT
443,NSR_Ecoli_1111,AGAAAC
444,NSR_Ecoli_1112,AGAATG
445,NSR_Ecoli_1114,AGAATT
446,NSR_Ecoli_1115,AGAATC
447,NSR_Ecoli_1120,AGATGG
448,NSR_Ecoli_1125,AGATAA
449,NSR_Ecoli_1126,AGATAT
450,NSR_Ecoli_1127,AGATAC
451,NSR_Ecoli_1128,AGATTG
452,NSR_Ecoli_1130,AGATTT
453,NSR_Ecoli_1131,AGATTC
454,NSR_Ecoli_1132,AGATCG
455,NSR_Ecoli_1135,AGATCC
456,NSR_Ecoli_1136,AGACGG
457,NSR_Ecoli_1137,AGACGA
458,NSR_Ecoli_1138,AGACGT
459,NSR_Ecoli_1141,AGACAA
460,NSR_Ecoli_1145,AGACTA
461,NSR_Ecoli_1146,AGACTT
462,NSR_Ecoli_1150,AGACCT
463,NSR_Ecoli_1152,AGTGGG
464,NSR_Ecoli_1153,AGTGGA
465,NSR_Ecoli_1155,AGTGGC
466,NSR_Ecoli_1157,AGTGAA
467,NSR_Ecoli_1159,AGTGAC
468,NSR_Ecoli_1161,AGTGTA
469,NSR_Ecoli_1164,AGTGCG
470,NSR_Ecoli_1165,AGTGCA
471,NSR_Ecoli_1168,AGTAGG
472,NSR_Ecoli_1169,AGTAGA
473,NSR_Ecoli_1171,AGTAGC
474,NSR_Ecoli_1172,AGTAAG
475,NSR_Ecoli_1176,AGTATG
476,NSR_Ecoli_1177,AGTATA
477,NSR_Ecoli_1180,AGTACG
478,NSR_Ecoli_1184,AGTTGG
479,NSR_Ecoli_1185,AGTTGA
480,NSR_Ecoli_1186,AGTTGT
481,NSR_Ecoli_1202,AGTCGT
482,NSR_Ecoli_1209,AGTCTA
483,NSR_Ecoli_1212,AGTCCG
484,NSR_Ecoli_1213,AGTCCA
485,NSR_Ecoli_1214,AGTCCT
486,NSR_Ecoli_1215,AGTCCC
487,NSR_Ecoli_1217,AGCGGA
488,NSR_Ecoli_1218,AGCGGT
489,NSR_Ecoli_1219,AGCGGC
490,NSR_Ecoli_1221,AGCGAA
491,NSR_Ecoli_1223,AGCGAC
492,NSR_Ecoli_1225,AGCGTA
493,NSR_Ecoli_1228,AGCGCG
494,NSR_Ecoli_1229,AGCGCA
495,NSR_Ecoli_1230,AGCGCT
496,NSR_Ecoli_1233,AGCAGA
497,NSR_Ecoli_1234,AGCAGT
498,NSR_Ecoli_1238,AGCAAT
499,NSR_Ecoli_1239,AGCAAC
500,NSR_Ecoli_1241,AGCATA
501,NSR_Ecoli_1243,AGCATC
502,NSR_Ecoli_1250,AGCTGT
503,NSR_Ecoli_1251,AGCTGC
504,NSR_Ecoli_1257,AGCTTA
505,NSR_Ecoli_1262,AGCTCT
506,NSR_Ecoli_1267,AGCCGC
507,NSR_Ecoli_1277,AGCCCA
508,NSR_Ecoli_1280,AAGGGG
509,NSR_Ecoli_1281,AAGGGA
510,NSR_Ecoli_1287,AAGGAC
511,NSR_Ecoli_1288,AAGGTG
512,NSR_Ecoli_1292,AAGGCG
513,NSR_Ecoli_1297,AAGAGA
514,NSR_Ecoli_1298,AAGAGT
515,NSR_Ecoli_1300,AAGAAG
516,NSR_Ecoli_1301,AAGAAA
517,NSR_Ecoli_1302,AAGAAT
518,NSR_Ecoli_1303,AAGAAC
519,NSR_Ecoli_1304,AAGATG
520,NSR_Ecoli_1305,AAGATA
521,NSR_Ecoli_1306,AAGATT
522,NSR_Ecoli_1307,AAGATC
523,NSR_Ecoli_1308,AAGACG
524,NSR_Ecoli_1309,AAGACA
525,NSR_Ecoli_1313,AAGTGA
526,NSR_Ecoli_1314,AAGTGT
527,NSR_Ecoli_1315,AAGTGC
528,NSR_Ecoli_1316,AAGTAG
529,NSR_Ecoli_1317,AAGTAA
530,NSR_Ecoli_1318,AAGTAT
531,NSR_Ecoli_1320,AAGTTG
532,NSR_Ecoli_1323,AAGTTC
533,NSR_Ecoli_1326,AAGTCT
534,NSR_Ecoli_1327,AAGTCC
535,NSR_Ecoli_1328,AAGCGG
536,NSR_Ecoli_1329,AAGCGA
537,NSR_Ecoli_1333,AAGCAA
538,NSR_Ecoli_1334,AAGCAT
539,NSR_Ecoli_1335,AAGCAC
540,NSR_Ecoli_1339,AAGCTC
541,NSR_Ecoli_1340,AAGCCG
542,NSR_Ecoli_1343,AAGCCC
543,NSR_Ecoli_1347,AAAGGC
544,NSR_Ecoli_1349,AAAGAA
545,NSR_Ecoli_1350,AAAGAT
546,NSR_Ecoli_1351,AAAGAC
547,NSR_Ecoli_1354,AAAGTT
548,NSR_Ecoli_1355,AAAGTC
549,NSR_Ecoli_1356,AAAGCG
550,NSR_Ecoli_1357,AAAGCA
551,NSR_Ecoli_1358,AAAGCT
552,NSR_Ecoli_1361,AAAAGA
553,NSR_Ecoli_1362,AAAAGT
554,NSR_Ecoli_1363,AAAAGC
555,NSR_Ecoli_1364,AAAAAG
556,NSR_Ecoli_1365,AAAAAA
557,NSR_Ecoli_1366,AAAAAT
558,NSR_Ecoli_1367,AAAAAC
559,NSR_Ecoli_1368,AAAATG
560,NSR_Ecoli_1369,AAAATA
561,NSR_Ecoli_1370,AAAATT
562,NSR_Ecoli_1371,AAAATC
563,NSR_Ecoli_1372,AAAACG
564,NSR_Ecoli_1373,AAAACA
565,NSR_Ecoli_1378,AAATGT
566,NSR_Ecoli_1379,AAATGC
567,NSR_Ecoli_1381,AAATAA
568,NSR_Ecoli_1382,AAATAT
569,NSR_Ecoli_1383,AAATAC
570,NSR_Ecoli_1384,AAATTG
571,NSR_Ecoli_1385,AAATTA
572,NSR_Ecoli_1386,AAATTT
573,NSR_Ecoli_1387,AAATTC
574,NSR_Ecoli_1389,AAATCA
575,NSR_Ecoli_1390,AAATCT
576,NSR_Ecoli_1391,AAATCC
577,NSR_Ecoli_1392,AAACGG
578,NSR_Ecoli_1393,AAACGA
579,NSR_Ecoli_1394,AAACGT
580,NSR_Ecoli_1395,AAACGC
581,NSR_Ecoli_1397,AAACAA
582,NSR_Ecoli_1400,AAACTG
583,NSR_Ecoli_1406,AAACCT
584,NSR_Ecoli_1408,AATGGG
585,NSR_Ecoli_1409,AATGGA
586,NSR_Ecoli_1410,AATGGT
587,NSR_Ecoli_1413,AATGAA
588,NSR_Ecoli_1415,AATGAC
589,NSR_Ecoli_1416,AATGTG
590,NSR_Ecoli_1417,AATGTA
591,NSR_Ecoli_1419,AATGTC
592,NSR_Ecoli_1420,AATGCG
593,NSR_Ecoli_1421,AATGCA
594,NSR_Ecoli_1422,AATGCT
595,NSR_Ecoli_1423,AATGCC
596,NSR_Ecoli_1424,AATAGG
597,NSR_Ecoli_1425,AATAGA
598,NSR_Ecoli_1426,AATAGT
599,NSR_Ecoli_1428,AATAAG
600,NSR_Ecoli_1430,AATAAT
601,NSR_Ecoli_1431,AATAAC
602,NSR_Ecoli_1432,AATATG
603,NSR_Ecoli_1435,AATATC
604,NSR_Ecoli_1436,AATACG
605,NSR_Ecoli_1437,AATACA
606,NSR_Ecoli_1438,AATACT
607,NSR_Ecoli_1439,AATACC
608,NSR_Ecoli_1440,AATTGG
609,NSR_Ecoli_1441,AATTGA
610,NSR_Ecoli_1442,AATTGT
611,NSR_Ecoli_1443,AATTGC
612,NSR_Ecoli_1444,AATTAG
613,NSR_Ecoli_1446,AATTAT
614,NSR_Ecoli_1447,AATTAC
615,NSR_Ecoli_1448,AATTTG
616,NSR_Ecoli_1449,AATTTA
617,NSR_Ecoli_1452,AATTCG
618,NSR_Ecoli_1456,AATCGG
619,NSR_Ecoli_1457,AATCGA
620,NSR_Ecoli_1458,AATCGT
621,NSR_Ecoli_1460,AATCAG
622,NSR_Ecoli_1461,AATCAA
623,NSR_Ecoli_1462,AATCAT
624,NSR_Ecoli_1465,AATCTA
625,NSR_Ecoli_1466,AATCTT
626,NSR_Ecoli_1469,AATCCA
627,NSR_Ecoli_1472,AACGGG
628,NSR_Ecoli_1473,AACGGA
629,NSR_Ecoli_1475,AACGGC
630,NSR_Ecoli_1476,AACGAG
631,NSR_Ecoli_1477,AACGAA
632,NSR_Ecoli_1478,AACGAT
633,NSR_Ecoli_1479,AACGAC
634,NSR_Ecoli_1480,AACGTG
635,NSR_Ecoli_1488,AACAGG
636,NSR_Ecoli_1489,AACAGA
637,NSR_Ecoli_1492,AACAAG
638,NSR_Ecoli_1494,AACAAT
639,NSR_Ecoli_1496,AACATG
640,NSR_Ecoli_1502,AACACT
641,NSR_Ecoli_1504,AACTGG
642,NSR_Ecoli_1505,AACTGA
643,NSR_Ecoli_1507,AACTGC
644,NSR_Ecoli_1508,AACTAG
645,NSR_Ecoli_1509,AACTAA
646,NSR_Ecoli_1510,AACTAT
647,NSR_Ecoli_1512,AACTTG
648,NSR_Ecoli_1516,AACTCG
649,NSR_Ecoli_1519,AACTCC
650,NSR_Ecoli_1521,AACCGA
651,NSR_Ecoli_1525,AACCAA
652,NSR_Ecoli_1537,ATGGGA
653,NSR_Ecoli_1538,ATGGGT
654,NSR_Ecoli_1539,ATGGGC
655,NSR_Ecoli_1541,ATGGAA
656,NSR_Ecoli_1543,ATGGAC
657,NSR_Ecoli_1545,ATGGTA
658,NSR_Ecoli_1553,ATGAGA
659,NSR_Ecoli_1554,ATGAGT
660,NSR_Ecoli_1556,ATGAAG
661,NSR_Ecoli_1557,ATGAAA
662,NSR_Ecoli_1562,ATGATT
663,NSR_Ecoli_1564,ATGACG
664,NSR_Ecoli_1568,ATGTGG
665,NSR_Ecoli_1572,ATGTAG
666,NSR_Ecoli_1573,ATGTAA
667,NSR_Ecoli_1574,ATGTAT
668,NSR_Ecoli_1575,ATGTAC
669,NSR_Ecoli_1576,ATGTTG
670,NSR_Ecoli_1580,ATGTCG
671,NSR_Ecoli_1582,ATGTCT
672,NSR_Ecoli_1585,ATGCGA
673,NSR_Ecoli_1589,ATGCAA
674,NSR_Ecoli_1590,ATGCAT
675,NSR_Ecoli_1591,ATGCAC
676,NSR_Ecoli_1592,ATGCTG
677,NSR_Ecoli_1593,ATGCTA
678,NSR_Ecoli_1596,ATGCCG
679,NSR_Ecoli_1599,ATGCCC
680,NSR_Ecoli_1601,ATAGGA
681,NSR_Ecoli_1602,ATAGGT
682,NSR_Ecoli_1603,ATAGGC
683,NSR_Ecoli_1604,ATAGAG
684,NSR_Ecoli_1605,ATAGAA
685,NSR_Ecoli_1606,ATAGAT
686,NSR_Ecoli_1607,ATAGAC
687,NSR_Ecoli_1611,ATAGTC
688,NSR_Ecoli_1612,ATAGCG
689,NSR_Ecoli_1613,ATAGCA
690,NSR_Ecoli_1617,ATAAGA
691,NSR_Ecoli_1620,ATAAAG
692,NSR_Ecoli_1621,ATAAAA
693,NSR_Ecoli_1622,ATAAAT
694,NSR_Ecoli_1624,ATAATG
695,NSR_Ecoli_1625,ATAATA
696,NSR_Ecoli_1626,ATAATT
697,NSR_Ecoli_1627,ATAATC
698,NSR_Ecoli_1630,ATAACT
699,NSR_Ecoli_1631,ATAACC
700,NSR_Ecoli_1632,ATATGG
701,NSR_Ecoli_1634,ATATGT
702,NSR_Ecoli_1635,ATATGC
703,NSR_Ecoli_1636,ATATAG
704,NSR_Ecoli_1638,ATATAT
705,NSR_Ecoli_1639,ATATAC
706,NSR_Ecoli_1640,ATATTG
707,NSR_Ecoli_1642,ATATTT
708,NSR_Ecoli_1644,ATATCG
709,NSR_Ecoli_1646,ATATCT
710,NSR_Ecoli_1647,ATATCC
711,NSR_Ecoli_1648,ATACGG
712,NSR_Ecoli_1649,ATACGA
713,NSR_Ecoli_1651,ATACGC
714,NSR_Ecoli_1652,ATACAG
715,NSR_Ecoli_1654,ATACAT
716,NSR_Ecoli_1656,ATACTG
717,NSR_Ecoli_1657,ATACTA
718,NSR_Ecoli_1658,ATACTT
719,NSR_Ecoli_1659,ATACTC
720,NSR_Ecoli_1660,ATACCG
721,NSR_Ecoli_1664,ATTGGG
722,NSR_Ecoli_1665,ATTGGA
723,NSR_Ecoli_1666,ATTGGT
724,NSR_Ecoli_1668,ATTGAG
725,NSR_Ecoli_1669,ATTGAA
726,NSR_Ecoli_1670,ATTGAT
727,NSR_Ecoli_1671,ATTGAC
728,NSR_Ecoli_1674,ATTGTT
729,NSR_Ecoli_1675,ATTGTC
730,NSR_Ecoli_1676,ATTGCG
731,NSR_Ecoli_1678,ATTGCT
732,NSR_Ecoli_1679,ATTGCC
733,NSR_Ecoli_1680,ATTAGG
734,NSR_Ecoli_1681,ATTAGA
735,NSR_Ecoli_1684,ATTAAG
736,NSR_Ecoli_1686,ATTAAT
737,NSR_Ecoli_1688,ATTATG
738,NSR_Ecoli_1690,ATTATT
739,NSR_Ecoli_1691,ATTATC
740,NSR_Ecoli_1693,ATTACA
741,NSR_Ecoli_1696,ATTTGG
742,NSR_Ecoli_1701,ATTTAA
743,NSR_Ecoli_1702,ATTTAT
744,NSR_Ecoli_1703,ATTTAC
745,NSR_Ecoli_1705,ATTTTA
746,NSR_Ecoli_1711,ATTTCC
747,NSR_Ecoli_1713,ATTCGA
748,NSR_Ecoli_1717,ATTCAA
749,NSR_Ecoli_1722,ATTCTT
750,NSR_Ecoli_1725,ATTCCA
751,NSR_Ecoli_1729,ATCGGA
752,NSR_Ecoli_1734,ATCGAT
753,NSR_Ecoli_1736,ATCGTG
754,NSR_Ecoli_1737,ATCGTA
755,NSR_Ecoli_1746,ATCAGT
756,NSR_Ecoli_1752,ATCATG
757,NSR_Ecoli_1753,ATCATA
758,NSR_Ecoli_1755,ATCATC
759,NSR_Ecoli_1762,ATCTGT
760,NSR_Ecoli_1763,ATCTGC
761,NSR_Ecoli_1764,ATCTAG
762,NSR_Ecoli_1766,ATCTAT
763,NSR_Ecoli_1767,ATCTAC
764,NSR_Ecoli_1768,ATCTTG
765,NSR_Ecoli_1769,ATCTTA
766,NSR_Ecoli_1770,ATCTTT
767,NSR_Ecoli_1773,ATCTCA
768,NSR_Ecoli_1780,ATCCAG
769,NSR_Ecoli_1782,ATCCAT
770,NSR_Ecoli_1786,ATCCTT
771,NSR_Ecoli_1788,ATCCCG
772,NSR_Ecoli_1790,ATCCCT
773,NSR_Ecoli_1793,ACGGGA
774,NSR_Ecoli_1797,ACGGAA
775,NSR_Ecoli_1798,ACGGAT
776,NSR_Ecoli_1800,ACGGTG
777,NSR_Ecoli_1803,ACGGTC
778,NSR_Ecoli_1806,ACGGCT
779,NSR_Ecoli_1810,ACGAGT
780,NSR_Ecoli_1812,ACGAAG
781,NSR_Ecoli_1813,ACGAAA
782,NSR_Ecoli_1814,ACGAAT
783,NSR_Ecoli_1815,ACGAAC
784,NSR_Ecoli_1816,ACGATG
785,NSR_Ecoli_1817,ACGATA
786,NSR_Ecoli_1819,ACGATC
787,NSR_Ecoli_1823,ACGACC
788,NSR_Ecoli_1824,ACGTGG
789,NSR_Ecoli_1825,ACGTGA
790,NSR_Ecoli_1827,ACGTGC
791,NSR_Ecoli_1828,ACGTAG
792,NSR_Ecoli_1829,ACGTAA
793,NSR_Ecoli_1834,ACGTTT
794,NSR_Ecoli_1838,ACGTCT
795,NSR_Ecoli_1841,ACGCGA
796,NSR_Ecoli_1843,ACGCGC
797,NSR_Ecoli_1845,ACGCAA
798,NSR_Ecoli_1848,ACGCTG
799,NSR_Ecoli_1849,ACGCTA
800,NSR_Ecoli_1852,ACGCCG
801,NSR_Ecoli_1856,ACAGGG
802,NSR_Ecoli_1858,ACAGGT
803,NSR_Ecoli_1859,ACAGGC
804,NSR_Ecoli_1860,ACAGAG
805,NSR_Ecoli_1862,ACAGAT
806,NSR_Ecoli_1863,ACAGAC
807,NSR_Ecoli_1865,ACAGTA
808,NSR_Ecoli_1867,ACAGTC
809,NSR_Ecoli_1870,ACAGCT
810,NSR_Ecoli_1873,ACAAGA
811,NSR_Ecoli_1875,ACAAGC
812,NSR_Ecoli_1878,ACAAAT
813,NSR_Ecoli_1880,ACAATG
814,NSR_Ecoli_1881,ACAATA
815,NSR_Ecoli_1882,ACAATT
816,NSR_Ecoli_1883,ACAATC
817,NSR_Ecoli_1886,ACAACT
818,NSR_Ecoli_1888,ACATGG
819,NSR_Ecoli_1889,ACATGA
820,NSR_Ecoli_1890,ACATGT
821,NSR_Ecoli_1893,ACATAA
822,NSR_Ecoli_1895,ACATAC
823,NSR_Ecoli_1896,ACATTG
824,NSR_Ecoli_1906,ACACGT
825,NSR_Ecoli_1908,ACACAG
826,NSR_Ecoli_1909,ACACAA
827,NSR_Ecoli_1915,ACACTC
828,NSR_Ecoli_1921,ACTGGA
829,NSR_Ecoli_1925,ACTGAA
830,NSR_Ecoli_1927,ACTGAC
831,NSR_Ecoli_1928,ACTGTG
832,NSR_Ecoli_1929,ACTGTA
833,NSR_Ecoli_1930,ACTGTT
834,NSR_Ecoli_1932,ACTGCG
835,NSR_Ecoli_1937,ACTAGA
836,NSR_Ecoli_1938,ACTAGT
837,NSR_Ecoli_1940,ACTAAG
838,NSR_Ecoli_1941,ACTAAA
839,NSR_Ecoli_1942,ACTAAT
840,NSR_Ecoli_1945,ACTATA
841,NSR_Ecoli_1946,ACTATT
842,NSR_Ecoli_1949,ACTACA
843,NSR_Ecoli_1950,ACTACT
844,NSR_Ecoli_1952,ACTTGG
845,NSR_Ecoli_1954,ACTTGT
846,NSR_Ecoli_1962,ACTTTT
847,NSR_Ecoli_1964,ACTTCG
848,NSR_Ecoli_1971,ACTCGC
849,NSR_Ecoli_1972,ACTCAG
850,NSR_Ecoli_1976,ACTCTG
851,NSR_Ecoli_1977,ACTCTA
852,NSR_Ecoli_1982,ACTCCT
853,NSR_Ecoli_1987,ACCGGC
854,NSR_Ecoli_1988,ACCGAG
855,NSR_Ecoli_1990,ACCGAT
856,NSR_Ecoli_2005,ACCAAA
857,NSR_Ecoli_2006,ACCAAT
858,NSR_Ecoli_2007,ACCAAC
859,NSR_Ecoli_2009,ACCATA
860,NSR_Ecoli_2020,ACCTAG
861,NSR_Ecoli_2028,ACCTCG
862,NSR_Ecoli_2030,ACCTCT
863,NSR_Ecoli_2041,ACCCTA
864,NSR_Ecoli_2044,ACCCCG
865,NSR_Ecoli_2046,ACCCCT
866,NSR_Ecoli_2051,TGGGGC
867,NSR_Ecoli_2052,TGGGAG
868,NSR_Ecoli_2053,TGGGAA
869,NSR_Ecoli_2054,TGGGAT
870,NSR_Ecoli_2056,TGGGTG
871,NSR_Ecoli_2057,TGGGTA
872,NSR_Ecoli_2059,TGGGTC
873,NSR_Ecoli_2067,TGGAGC
874,NSR_Ecoli_2071,TGGAAC
875,NSR_Ecoli_2073,TGGATA
876,NSR_Ecoli_2075,TGGATC
877,NSR_Ecoli_2076,TGGACG
878,NSR_Ecoli_2080,TGGTGG
879,NSR_Ecoli_2081,TGGTGA
880,NSR_Ecoli_2083,TGGTGC
881,NSR_Ecoli_2084,TGGTAG
882,NSR_Ecoli_2087,TGGTAC
883,NSR_Ecoli_2088,TGGTTG
884,NSR_Ecoli_2089,TGGTTA
885,NSR_Ecoli_2099,TGGCGC
886,NSR_Ecoli_2107,TGGCTC
887,NSR_Ecoli_2108,TGGCCG
888,NSR_Ecoli_2112,TGAGGG
889,NSR_Ecoli_2113,TGAGGA
890,NSR_Ecoli_2115,TGAGGC
891,NSR_Ecoli_2116,TGAGAG
892,NSR_Ecoli_2117,TGAGAA
893,NSR_Ecoli_2118,TGAGAT
894,NSR_Ecoli_2119,TGAGAC
895,NSR_Ecoli_2120,TGAGTG
896,NSR_Ecoli_2121,TGAGTA
897,NSR_Ecoli_2128,TGAAGG
898,NSR_Ecoli_2129,TGAAGA
899,NSR_Ecoli_2130,TGAAGT
900,NSR_Ecoli_2131,TGAAGC
901,NSR_Ecoli_2134,TGAAAT
902,NSR_Ecoli_2135,TGAAAC
903,NSR_Ecoli_2136,TGAATG
904,NSR_Ecoli_2137,TGAATA
905,NSR_Ecoli_2140,TGAACG
906,NSR_Ecoli_2141,TGAACA
907,NSR_Ecoli_2143,TGAACC
908,NSR_Ecoli_2150,TGATAT
909,NSR_Ecoli_2153,TGATTA
910,NSR_Ecoli_2156,TGATCG
911,NSR_Ecoli_2158,TGATCT
912,NSR_Ecoli_2163,TGACGC
913,NSR_Ecoli_2164,TGACAG
914,NSR_Ecoli_2166,TGACAT
915,NSR_Ecoli_2167,TGACAC
916,NSR_Ecoli_2169,TGACTA
917,NSR_Ecoli_2171,TGACTC
918,NSR_Ecoli_2172,TGACCG
919,NSR_Ecoli_2176,TGTGGG
920,NSR_Ecoli_2177,TGTGGA
921,NSR_Ecoli_2178,TGTGGT
922,NSR_Ecoli_2180,TGTGAG
923,NSR_Ecoli_2181,TGTGAA
924,NSR_Ecoli_2184,TGTGTG
925,NSR_Ecoli_2190,TGTGCT
926,NSR_Ecoli_2191,TGTGCC
927,NSR_Ecoli_2192,TGTAGG
928,NSR_Ecoli_2193,TGTAGA
929,NSR_Ecoli_2194,TGTAGT
930,NSR_Ecoli_2196,TGTAAG
931,NSR_Ecoli_2197,TGTAAA
932,NSR_Ecoli_2198,TGTAAT
933,NSR_Ecoli_2199,TGTAAC
934,NSR_Ecoli_2201,TGTATA
935,NSR_Ecoli_2202,TGTATT
936,NSR_Ecoli_2206,TGTACT
937,NSR_Ecoli_2207,TGTACC
938,NSR_Ecoli_2208,TGTTGG
939,NSR_Ecoli_2209,TGTTGA
940,NSR_Ecoli_2210,TGTTGT
941,NSR_Ecoli_2213,TGTTAA
942,NSR_Ecoli_2217,TGTTTA
943,NSR_Ecoli_2220,TGTTCG
944,NSR_Ecoli_2222,TGTTCT
945,NSR_Ecoli_2223,TGTTCC
946,NSR_Ecoli_2226,TGTCGT
947,NSR_Ecoli_2227,TGTCGC
948,NSR_Ecoli_2230,TGTCAT
949,NSR_Ecoli_2233,TGTCTA
950,NSR_Ecoli_2234,TGTCTT
951,NSR_Ecoli_2237,TGTCCA
952,NSR_Ecoli_2238,TGTCCT
953,NSR_Ecoli_2241,TGCGGA
954,NSR_Ecoli_2244,TGCGAG
955,NSR_Ecoli_2245,TGCGAA
956,NSR_Ecoli_2246,TGCGAT
957,NSR_Ecoli_2249,TGCGTA
958,NSR_Ecoli_2250,TGCGTT
959,NSR_Ecoli_2252,TGCGCG
960,NSR_Ecoli_2253,TGCGCA
961,NSR_Ecoli_2260,TGCAAG
962,NSR_Ecoli_2261,TGCAAA
963,NSR_Ecoli_2265,TGCATA
964,NSR_Ecoli_2268,TGCACG
965,NSR_Ecoli_2273,TGCTGA
966,NSR_Ecoli_2276,TGCTAG
967,NSR_Ecoli_2277,TGCTAA
968,NSR_Ecoli_2278,TGCTAT
969,NSR_Ecoli_2285,TGCTCA
970,NSR_Ecoli_2288,TGCCGG
971,NSR_Ecoli_2290,TGCCGT
972,NSR_Ecoli_2295,TGCCAC
973,NSR_Ecoli_2300,TGCCCG
974,NSR_Ecoli_2302,TGCCCT
975,NSR_Ecoli_2306,TAGGGT
976,NSR_Ecoli_2307,TAGGGC
977,NSR_Ecoli_2309,TAGGAA
978,NSR_Ecoli_2310,TAGGAT
979,NSR_Ecoli_2313,TAGGTA
980,NSR_Ecoli_2314,TAGGTT
981,NSR_Ecoli_2315,TAGGTC
982,NSR_Ecoli_2316,TAGGCG
983,NSR_Ecoli_2317,TAGGCA
984,NSR_Ecoli_2318,TAGGCT
985,NSR_Ecoli_2321,TAGAGA
986,NSR_Ecoli_2322,TAGAGT
987,NSR_Ecoli_2323,TAGAGC
988,NSR_Ecoli_2324,TAGAAG
989,NSR_Ecoli_2325,TAGAAA
990,NSR_Ecoli_2326,TAGAAT
991,NSR_Ecoli_2329,TAGATA
992,NSR_Ecoli_2330,TAGATT
993,NSR_Ecoli_2332,TAGACG
994,NSR_Ecoli_2333,TAGACA
995,NSR_Ecoli_2334,TAGACT
996,NSR_Ecoli_2335,TAGACC
997,NSR_Ecoli_2336,TAGTGG
998,NSR_Ecoli_2337,TAGTGA
999,NSR_Ecoli_2340,TAGTAG
1000,NSR_Ecoli_2342,TAGTAT
1001,NSR_Ecoli_2344,TAGTTG
1002,NSR_Ecoli_2346,TAGTTT
1003,NSR_Ecoli_2349,TAGTCA
1004,NSR_Ecoli_2350,TAGTCT
1005,NSR_Ecoli_2351,TAGTCC
1006,NSR_Ecoli_2352,TAGCGG
1007,NSR_Ecoli_2354,TAGCGT
1008,NSR_Ecoli_2355,TAGCGC
1009,NSR_Ecoli_2356,TAGCAG
1010,NSR_Ecoli_2357,TAGCAA
1011,NSR_Ecoli_2358,TAGCAT
1012,NSR_Ecoli_2371,TAAGGC
1013,NSR_Ecoli_2372,TAAGAG
1014,NSR_Ecoli_2373,TAAGAA
1015,NSR_Ecoli_2374,TAAGAT
1016,NSR_Ecoli_2376,TAAGTG
1017,NSR_Ecoli_2377,TAAGTA
1018,NSR_Ecoli_2378,TAAGTT
1019,NSR_Ecoli_2381,TAAGCA
1020,NSR_Ecoli_2385,TAAAGA
1021,NSR_Ecoli_2386,TAAAGT
1022,NSR_Ecoli_2387,TAAAGC
1023,NSR_Ecoli_2388,TAAAAG
1024,NSR_Ecoli_2389,TAAAAA
1025,NSR_Ecoli_2390,TAAAAT
1026,NSR_Ecoli_2391,TAAAAC
1027,NSR_Ecoli_2394,TAAATT
1028,NSR_Ecoli_2395,TAAATC
1029,NSR_Ecoli_2396,TAAACG
1030,NSR_Ecoli_2398,TAAACT
1031,NSR_Ecoli_2400,TAATGG
1032,NSR_Ecoli_2402,TAATGT
1033,NSR_Ecoli_2403,TAATGC
1034,NSR_Ecoli_2404,TAATAG
1035,NSR_Ecoli_2406,TAATAT
1036,NSR_Ecoli_2407,TAATAC
1037,NSR_Ecoli_2408,TAATTG
1038,NSR_Ecoli_2409,TAATTA
1039,NSR_Ecoli_2412,TAATCG
1040,NSR_Ecoli_2413,TAATCA
1041,NSR_Ecoli_2414,TAATCT
1042,NSR_Ecoli_2417,TAACGA
1043,NSR_Ecoli_2420,TAACAG
1044,NSR_Ecoli_2424,TAACTG
1045,NSR_Ecoli_2425,TAACTA
1046,NSR_Ecoli_2427,TAACTC
1047,NSR_Ecoli_2428,TAACCG
1048,NSR_Ecoli_2432,TATGGG
1049,NSR_Ecoli_2434,TATGGT
1050,NSR_Ecoli_2435,TATGGC
1051,NSR_Ecoli_2438,TATGAT
1052,NSR_Ecoli_2440,TATGTG
1053,NSR_Ecoli_2441,TATGTA
1054,NSR_Ecoli_2442,TATGTT
1055,NSR_Ecoli_2445,TATGCA
1056,NSR_Ecoli_2446,TATGCT
1057,NSR_Ecoli_2448,TATAGG
1058,NSR_Ecoli_2449,TATAGA
1059,NSR_Ecoli_2451,TATAGC
1060,NSR_Ecoli_2453,TATAAA
1061,NSR_Ecoli_2454,TATAAT
1062,NSR_Ecoli_2456,TATATG
1063,NSR_Ecoli_2457,TATATA
1064,NSR_Ecoli_2458,TATATT
1065,NSR_Ecoli_2459,TATATC
1066,NSR_Ecoli_2462,TATACT
1067,NSR_Ecoli_2464,TATTGG
1068,NSR_Ecoli_2465,TATTGA
1069,NSR_Ecoli_2466,TATTGT
1070,NSR_Ecoli_2467,TATTGC
1071,NSR_Ecoli_2470,TATTAT
1072,NSR_Ecoli_2472,TATTTG
1073,NSR_Ecoli_2474,TATTTT
1074,NSR_Ecoli_2481,TATCGA
1075,NSR_Ecoli_2486,TATCAT
1076,NSR_Ecoli_2488,TATCTG
1077,NSR_Ecoli_2493,TATCCA
1078,NSR_Ecoli_2497,TACGGA
1079,NSR_Ecoli_2501,TACGAA
1080,NSR_Ecoli_2504,TACGTG
1081,NSR_Ecoli_2506,TACGTT
1082,NSR_Ecoli_2508,TACGCG
1083,NSR_Ecoli_2514,TACAGT
1084,NSR_Ecoli_2515,TACAGC
1085,NSR_Ecoli_2518,TACAAT
1086,NSR_Ecoli_2520,TACATG
1087,NSR_Ecoli_2522,TACATT
1088,NSR_Ecoli_2529,TACTGA
1089,NSR_Ecoli_2530,TACTGT
1090,NSR_Ecoli_2533,TACTAA
1091,NSR_Ecoli_2534,TACTAT
1092,NSR_Ecoli_2535,TACTAC
1093,NSR_Ecoli_2536,TACTTG
1094,NSR_Ecoli_2540,TACTCG
1095,NSR_Ecoli_2549,TACCAA
1096,NSR_Ecoli_2562,TTGGGT
1097,NSR_Ecoli_2565,TTGGAA
1098,NSR_Ecoli_2566,TTGGAT
1099,NSR_Ecoli_2568,TTGGTG
1100,NSR_Ecoli_2570,TTGGTT
1101,NSR_Ecoli_2572,TTGGCG
1102,NSR_Ecoli_2574,TTGGCT
1103,NSR_Ecoli_2576,TTGAGG
1104,NSR_Ecoli_2577,TTGAGA
1105,NSR_Ecoli_2580,TTGAAG
1106,NSR_Ecoli_2581,TTGAAA
1107,NSR_Ecoli_2582,TTGAAT
1108,NSR_Ecoli_2583,TTGAAC
1109,NSR_Ecoli_2585,TTGATA
1110,NSR_Ecoli_2587,TTGATC
1111,NSR_Ecoli_2589,TTGACA
1112,NSR_Ecoli_2590,TTGACT
1113,NSR_Ecoli_2591,TTGACC
1114,NSR_Ecoli_2592,TTGTGG
1115,NSR_Ecoli_2593,TTGTGA
1116,NSR_Ecoli_2597,TTGTAA
1117,NSR_Ecoli_2603,TTGTTC
1118,NSR_Ecoli_2604,TTGTCG
1119,NSR_Ecoli_2605,TTGTCA
1120,NSR_Ecoli_2606,TTGTCT
1121,NSR_Ecoli_2607,TTGTCC
1122,NSR_Ecoli_2610,TTGCGT
1123,NSR_Ecoli_2616,TTGCTG
1124,NSR_Ecoli_2623,TTGCCC
1125,NSR_Ecoli_2626,TTAGGT
1126,NSR_Ecoli_2631,TTAGAC
1127,NSR_Ecoli_2634,TTAGTT
1128,NSR_Ecoli_2636,TTAGCG
1129,NSR_Ecoli_2640,TTAAGG
1130,NSR_Ecoli_2642,TTAAGT
1131,NSR_Ecoli_2645,TTAAAA
1132,NSR_Ecoli_2650,TTAATT
1133,NSR_Ecoli_2651,TTAATC
1134,NSR_Ecoli_2656,TTATGG
1135,NSR_Ecoli_2662,TTATAT
1136,NSR_Ecoli_2664,TTATTG
1137,NSR_Ecoli_2665,TTATTA
1138,NSR_Ecoli_2666,TTATTT
1139,NSR_Ecoli_2667,TTATTC
1140,NSR_Ecoli_2674,TTACGT
1141,NSR_Ecoli_2680,TTACTG
1142,NSR_Ecoli_2685,TTACCA
1143,NSR_Ecoli_2689,TTTGGA
1144,NSR_Ecoli_2691,TTTGGC
1145,NSR_Ecoli_2693,TTTGAA
1146,NSR_Ecoli_2695,TTTGAC
1147,NSR_Ecoli_2699,TTTGTC
1148,NSR_Ecoli_2700,TTTGCG
1149,NSR_Ecoli_2705,TTTAGA
1150,NSR_Ecoli_2706,TTTAGT
1151,NSR_Ecoli_2708,TTTAAG
1152,NSR_Ecoli_2713,TTTATA
1153,NSR_Ecoli_2714,TTTATT
1154,NSR_Ecoli_2720,TTTTGG
1155,NSR_Ecoli_2721,TTTTGA
1156,NSR_Ecoli_2724,TTTTAG
1157,NSR_Ecoli_2727,TTTTAC
1158,NSR_Ecoli_2730,TTTTTT
1159,NSR_Ecoli_2734,TTTTCT
1160,NSR_Ecoli_2737,TTTCGA
1161,NSR_Ecoli_2742,TTTCAT
1162,NSR_Ecoli_2744,TTTCTG
1163,NSR_Ecoli_2745,TTTCTA
1164,NSR_Ecoli_2747,TTTCTC
1165,NSR_Ecoli_2756,TTCGAG
1166,NSR_Ecoli_2757,TTCGAA
1167,NSR_Ecoli_2761,TTCGTA
1168,NSR_Ecoli_2762,TTCGTT
1169,NSR_Ecoli_2784,TTCTGG
1170,NSR_Ecoli_2786,TTCTGT
1171,NSR_Ecoli_2788,TTCTAG
1172,NSR_Ecoli_2790,TTCTAT
1173,NSR_Ecoli_2792,TTCTTG
1174,NSR_Ecoli_2793,TTCTTA
1175,NSR_Ecoli_2796,TTCTCG
1176,NSR_Ecoli_2805,TTCCAA
1177,NSR_Ecoli_2809,TTCCTA
1178,NSR_Ecoli_2819,TCGGGC
1179,NSR_Ecoli_2820,TCGGAG
1180,NSR_Ecoli_2822,TCGGAT
1181,NSR_Ecoli_2823,TCGGAC
1182,NSR_Ecoli_2825,TCGGTA
1183,NSR_Ecoli_2833,TCGAGA
1184,NSR_Ecoli_2836,TCGAAG
1185,NSR_Ecoli_2839,TCGAAC
1186,NSR_Ecoli_2840,TCGATG
1187,NSR_Ecoli_2842,TCGATT
1188,NSR_Ecoli_2844,TCGACG
1189,NSR_Ecoli_2848,TCGTGG
1190,NSR_Ecoli_2849,TCGTGA
1191,NSR_Ecoli_2852,TCGTAG
1192,NSR_Ecoli_2854,TCGTAT
1193,NSR_Ecoli_2859,TCGTTC
1194,NSR_Ecoli_2864,TCGCGG
1195,NSR_Ecoli_2869,TCGCAA
1196,NSR_Ecoli_2884,TCAGAG
1197,NSR_Ecoli_2889,TCAGTA
1198,NSR_Ecoli_2898,TCAAGT
1199,NSR_Ecoli_2901,TCAAAA
1200,NSR_Ecoli_2902,TCAAAT
1201,NSR_Ecoli_2905,TCAATA
1202,NSR_Ecoli_2910,TCAACT
1203,NSR_Ecoli_2914,TCATGT
1204,NSR_Ecoli_2915,TCATGC
1205,NSR_Ecoli_2916,TCATAG
1206,NSR_Ecoli_2917,TCATAA
1207,NSR_Ecoli_2920,TCATTG
1208,NSR_Ecoli_2923,TCATTC
1209,NSR_Ecoli_2930,TCACGT
1210,NSR_Ecoli_2941,TCACCA
1211,NSR_Ecoli_2946,TCTGGT
1212,NSR_Ecoli_2947,TCTGGC
1213,NSR_Ecoli_2952,TCTGTG
1214,NSR_Ecoli_2953,TCTGTA
1215,NSR_Ecoli_2954,TCTGTT
1216,NSR_Ecoli_2955,TCTGTC
1217,NSR_Ecoli_2957,TCTGCA
1218,NSR_Ecoli_2958,TCTGCT
1219,NSR_Ecoli_2959,TCTGCC
1220,NSR_Ecoli_2960,TCTAGG
1221,NSR_Ecoli_2961,TCTAGA
1222,NSR_Ecoli_2962,TCTAGT
1223,NSR_Ecoli_2963,TCTAGC
1224,NSR_Ecoli_2967,TCTAAC
1225,NSR_Ecoli_2968,TCTATG
1226,NSR_Ecoli_2970,TCTATT
1227,NSR_Ecoli_2971,TCTATC
1228,NSR_Ecoli_2973,TCTACA
1229,NSR_Ecoli_2974,TCTACT
1230,NSR_Ecoli_2977,TCTTGA
1231,NSR_Ecoli_2978,TCTTGT
1232,NSR_Ecoli_2980,TCTTAG
1233,NSR_Ecoli_2981,TCTTAA
1234,NSR_Ecoli_2982,TCTTAT
1235,NSR_Ecoli_2983,TCTTAC
1236,NSR_Ecoli_2993,TCTCGA
1237,NSR_Ecoli_3008,TCCGGG
1238,NSR_Ecoli_3012,TCCGAG
1239,NSR_Ecoli_3013,TCCGAA
1240,NSR_Ecoli_3029,TCCAAA
1241,NSR_Ecoli_3033,TCCATA
1242,NSR_Ecoli_3043,TCCTGC
1243,NSR_Ecoli_3044,TCCTAG
1244,NSR_Ecoli_3045,TCCTAA
1245,NSR_Ecoli_3046,TCCTAT
1246,NSR_Ecoli_3048,TCCTTG
1247,NSR_Ecoli_3049,TCCTTA
1248,NSR_Ecoli_3053,TCCTCA
1249,NSR_Ecoli_3061,TCCCAA
1250,NSR_Ecoli_3064,TCCCTG
1251,NSR_Ecoli_3072,CGGGGG
1252,NSR_Ecoli_3076,CGGGAG
1253,NSR_Ecoli_3088,CGGAGG
1254,NSR_Ecoli_3091,CGGAGC
1255,NSR_Ecoli_3094,CGGAAT
1256,NSR_Ecoli_3096,CGGATG
1257,NSR_Ecoli_3097,CGGATA
1258,NSR_Ecoli_3101,CGGACA
1259,NSR_Ecoli_3104,CGGTGG
1260,NSR_Ecoli_3105,CGGTGA
1261,NSR_Ecoli_3108,CGGTAG
1262,NSR_Ecoli_3109,CGGTAA
1263,NSR_Ecoli_3120,CGGCGG
1264,NSR_Ecoli_3125,CGGCAA
1265,NSR_Ecoli_3129,CGGCTA
1266,NSR_Ecoli_3130,CGGCTT
1267,NSR_Ecoli_3135,CGGCCC
1268,NSR_Ecoli_3137,CGAGGA
1269,NSR_Ecoli_3140,CGAGAG
1270,NSR_Ecoli_3141,CGAGAA
1271,NSR_Ecoli_3142,CGAGAT
1272,NSR_Ecoli_3144,CGAGTG
1273,NSR_Ecoli_3145,CGAGTA
1274,NSR_Ecoli_3147,CGAGTC
1275,NSR_Ecoli_3149,CGAGCA
1276,NSR_Ecoli_3151,CGAGCC
1277,NSR_Ecoli_3153,CGAAGA
1278,NSR_Ecoli_3155,CGAAGC
1279,NSR_Ecoli_3156,CGAAAG
1280,NSR_Ecoli_3157,CGAAAA
1281,NSR_Ecoli_3158,CGAAAT
1282,NSR_Ecoli_3160,CGAATG
1283,NSR_Ecoli_3161,CGAATA
1284,NSR_Ecoli_3163,CGAATC
1285,NSR_Ecoli_3164,CGAACG
1286,NSR_Ecoli_3167,CGAACC
1287,NSR_Ecoli_3169,CGATGA
1288,NSR_Ecoli_3170,CGATGT
1289,NSR_Ecoli_3171,CGATGC
1290,NSR_Ecoli_3172,CGATAG
1291,NSR_Ecoli_3173,CGATAA
1292,NSR_Ecoli_3175,CGATAC
1293,NSR_Ecoli_3176,CGATTG
1294,NSR_Ecoli_3180,CGATCG
1295,NSR_Ecoli_3182,CGATCT
1296,NSR_Ecoli_3183,CGATCC
1297,NSR_Ecoli_3185,CGACGA
1298,NSR_Ecoli_3191,CGACAC
1299,NSR_Ecoli_3196,CGACCG
1300,NSR_Ecoli_3198,CGACCT
1301,NSR_Ecoli_3199,CGACCC
1302,NSR_Ecoli_3200,CGTGGG
1303,NSR_Ecoli_3202,CGTGGT
1304,NSR_Ecoli_3204,CGTGAG
1305,NSR_Ecoli_3205,CGTGAA
1306,NSR_Ecoli_3207,CGTGAC
1307,NSR_Ecoli_3217,CGTAGA
1308,NSR_Ecoli_3219,CGTAGC
1309,NSR_Ecoli_3221,CGTAAA
1310,NSR_Ecoli_3222,CGTAAT
1311,NSR_Ecoli_3223,CGTAAC
1312,NSR_Ecoli_3224,CGTATG
1313,NSR_Ecoli_3227,CGTATC
1314,NSR_Ecoli_3228,CGTACG
1315,NSR_Ecoli_3234,CGTTGT
1316,NSR_Ecoli_3237,CGTTAA
1317,NSR_Ecoli_3240,CGTTTG
1318,NSR_Ecoli_3242,CGTTTT
1319,NSR_Ecoli_3248,CGTCGG
1320,NSR_Ecoli_3256,CGTCTG
1321,NSR_Ecoli_3257,CGTCTA
1322,NSR_Ecoli_3259,CGTCTC
1323,NSR_Ecoli_3265,CGCGGA
1324,NSR_Ecoli_3266,CGCGGT
1325,NSR_Ecoli_3269,CGCGAA
1326,NSR_Ecoli_3270,CGCGAT
1327,NSR_Ecoli_3271,CGCGAC
1328,NSR_Ecoli_3272,CGCGTG
1329,NSR_Ecoli_3275,CGCGTC
1330,NSR_Ecoli_3284,CGCAAG
1331,NSR_Ecoli_3285,CGCAAA
1332,NSR_Ecoli_3286,CGCAAT
1333,NSR_Ecoli_3292,CGCACG
1334,NSR_Ecoli_3293,CGCACA
1335,NSR_Ecoli_3298,CGCTGT
1336,NSR_Ecoli_3300,CGCTAG
1337,NSR_Ecoli_3302,CGCTAT
1338,NSR_Ecoli_3309,CGCTCA
1339,NSR_Ecoli_3310,CGCTCT
1340,NSR_Ecoli_3313,CGCCGA
1341,NSR_Ecoli_3317,CGCCAA
1342,NSR_Ecoli_3344,CAGAGG
1343,NSR_Ecoli_3345,CAGAGA
1344,NSR_Ecoli_3346,CAGAGT
1345,NSR_Ecoli_3347,CAGAGC
1346,NSR_Ecoli_3348,CAGAAG
1347,NSR_Ecoli_3349,CAGAAA
1348,NSR_Ecoli_3360,CAGTGG
1349,NSR_Ecoli_3367,CAGTAC
1350,NSR_Ecoli_3372,CAGTCG
1351,NSR_Ecoli_3375,CAGTCC
1352,NSR_Ecoli_3376,CAGCGG
1353,NSR_Ecoli_3380,CAGCAG
1354,NSR_Ecoli_3388,CAGCCG
1355,NSR_Ecoli_3397,CAAGAA
1356,NSR_Ecoli_3398,CAAGAT
1357,NSR_Ecoli_3400,CAAGTG
1358,NSR_Ecoli_3405,CAAGCA
1359,NSR_Ecoli_3407,CAAGCC
1360,NSR_Ecoli_3413,CAAAAA
1361,NSR_Ecoli_3414,CAAAAT
1362,NSR_Ecoli_3415,CAAAAC
1363,NSR_Ecoli_3416,CAAATG
1364,NSR_Ecoli_3417,CAAATA
1365,NSR_Ecoli_3419,CAAATC
1366,NSR_Ecoli_3420,CAAACG
1367,NSR_Ecoli_3424,CAATGG
1368,NSR_Ecoli_3427,CAATGC
1369,NSR_Ecoli_3428,CAATAG
1370,NSR_Ecoli_3429,CAATAA
1371,NSR_Ecoli_3431,CAATAC
1372,NSR_Ecoli_3432,CAATTG
1373,NSR_Ecoli_3436,CAATCG
1374,NSR_Ecoli_3437,CAATCA
1375,NSR_Ecoli_3440,CAACGG
1376,NSR_Ecoli_3441,CAACGA
1377,NSR_Ecoli_3444,CAACAG
1378,NSR_Ecoli_3448,CAACTG
1379,NSR_Ecoli_3449,CAACTA
1380,NSR_Ecoli_3451,CAACTC
1381,NSR_Ecoli_3453,CAACCA
1382,NSR_Ecoli_3460,CATGAG
1383,NSR_Ecoli_3465,CATGTA
1384,NSR_Ecoli_3466,CATGTT
1385,NSR_Ecoli_3467,CATGTC
1386,NSR_Ecoli_3468,CATGCG
1387,NSR_Ecoli_3472,CATAGG
1388,NSR_Ecoli_3473,CATAGA
1389,NSR_Ecoli_3474,CATAGT
1390,NSR_Ecoli_3477,CATAAA
1391,NSR_Ecoli_3478,CATAAT
1392,NSR_Ecoli_3479,CATAAC
1393,NSR_Ecoli_3480,CATATG
1394,NSR_Ecoli_3481,CATATA
1395,NSR_Ecoli_3484,CATACG
1396,NSR_Ecoli_3486,CATACT
1397,NSR_Ecoli_3489,CATTGA
1398,NSR_Ecoli_3503,CATTCC
1399,NSR_Ecoli_3513,CATCTA
1400,NSR_Ecoli_3525,CACGAA
1401,NSR_Ecoli_3529,CACGTA
1402,NSR_Ecoli_3530,CACGTT
1403,NSR_Ecoli_3533,CACGCA
1404,NSR_Ecoli_3536,CACAGG
1405,NSR_Ecoli_3537,CACAGA
1406,NSR_Ecoli_3542,CACAAT
1407,NSR_Ecoli_3545,CACATA
1408,NSR_Ecoli_3556,CACTAG
1409,NSR_Ecoli_3560,CACTTG
1410,NSR_Ecoli_3565,CACTCA
1411,NSR_Ecoli_3566,CACTCT
1412,NSR_Ecoli_3569,CACCGA
1413,NSR_Ecoli_3575,CACCAC
1414,NSR_Ecoli_3579,CACCTC
1415,NSR_Ecoli_3581,CACCCA
1416,NSR_Ecoli_3585,CTGGGA
1417,NSR_Ecoli_3588,CTGGAG
1418,NSR_Ecoli_3590,CTGGAT
1419,NSR_Ecoli_3592,CTGGTG
1420,NSR_Ecoli_3600,CTGAGG
1421,NSR_Ecoli_3601,CTGAGA
1422,NSR_Ecoli_3604,CTGAAG
1423,NSR_Ecoli_3606,CTGAAT
1424,NSR_Ecoli_3607,CTGAAC
1425,NSR_Ecoli_3613,CTGACA
1426,NSR_Ecoli_3616,CTGTGG
1427,NSR_Ecoli_3617,CTGTGA
1428,NSR_Ecoli_3619,CTGTGC
1429,NSR_Ecoli_3620,CTGTAG
1430,NSR_Ecoli_3621,CTGTAA
1431,NSR_Ecoli_3623,CTGTAC
1432,NSR_Ecoli_3624,CTGTTG
1433,NSR_Ecoli_3627,CTGTTC
1434,NSR_Ecoli_3628,CTGTCG
1435,NSR_Ecoli_3633,CTGCGA
1436,NSR_Ecoli_3636,CTGCAG
1437,NSR_Ecoli_3639,CTGCAC
1438,NSR_Ecoli_3641,CTGCTA
1439,NSR_Ecoli_3651,CTAGGC
1440,NSR_Ecoli_3652,CTAGAG
1441,NSR_Ecoli_3653,CTAGAA
1442,NSR_Ecoli_3655,CTAGAC
1443,NSR_Ecoli_3656,CTAGTG
1444,NSR_Ecoli_3657,CTAGTA
1445,NSR_Ecoli_3659,CTAGTC
1446,NSR_Ecoli_3661,CTAGCA
1447,NSR_Ecoli_3663,CTAGCC
1448,NSR_Ecoli_3664,CTAAGG
1449,NSR_Ecoli_3665,CTAAGA
1450,NSR_Ecoli_3666,CTAAGT
1451,NSR_Ecoli_3668,CTAAAG
1452,NSR_Ecoli_3669,CTAAAA
1453,NSR_Ecoli_3672,CTAATG
1454,NSR_Ecoli_3673,CTAATA
1455,NSR_Ecoli_3676,CTAACG
1456,NSR_Ecoli_3678,CTAACT
1457,NSR_Ecoli_3682,CTATGT
1458,NSR_Ecoli_3683,CTATGC
1459,NSR_Ecoli_3685,CTATAA
1460,NSR_Ecoli_3686,CTATAT
1461,NSR_Ecoli_3688,CTATTG
1462,NSR_Ecoli_3690,CTATTT
1463,NSR_Ecoli_3698,CTACGT
1464,NSR_Ecoli_3701,CTACAA
1465,NSR_Ecoli_3715,CTTGGC
1466,NSR_Ecoli_3716,CTTGAG
1467,NSR_Ecoli_3717,CTTGAA
1468,NSR_Ecoli_3723,CTTGTC
1469,NSR_Ecoli_3732,CTTAAG
1470,NSR_Ecoli_3734,CTTAAT
1471,NSR_Ecoli_3737,CTTATA
1472,NSR_Ecoli_3738,CTTATT
1473,NSR_Ecoli_3740,CTTACG
1474,NSR_Ecoli_3742,CTTACT
1475,NSR_Ecoli_3747,CTTTGC
1476,NSR_Ecoli_3777,CTCGGA
1477,NSR_Ecoli_3779,CTCGGC
1478,NSR_Ecoli_3780,CTCGAG
1479,NSR_Ecoli_3781,CTCGAA
1480,NSR_Ecoli_3782,CTCGAT
1481,NSR_Ecoli_3784,CTCGTG
1482,NSR_Ecoli_3790,CTCGCT
1483,NSR_Ecoli_3792,CTCAGG
1484,NSR_Ecoli_3797,CTCAAA
1485,NSR_Ecoli_3800,CTCATG
1486,NSR_Ecoli_3801,CTCATA
1487,NSR_Ecoli_3806,CTCACT
1488,NSR_Ecoli_3810,CTCTGT
1489,NSR_Ecoli_3811,CTCTGC
1490,NSR_Ecoli_3812,CTCTAG
1491,NSR_Ecoli_3813,CTCTAA
1492,NSR_Ecoli_3814,CTCTAT
1493,NSR_Ecoli_3817,CTCTTA
1494,NSR_Ecoli_3822,CTCTCT
1495,NSR_Ecoli_3823,CTCTCC
1496,NSR_Ecoli_3825,CTCCGA
1497,NSR_Ecoli_3827,CTCCGC
1498,NSR_Ecoli_3833,CTCCTA
1499,NSR_Ecoli_3854,CCGGCT
1500,NSR_Ecoli_3856,CCGAGG
1501,NSR_Ecoli_3857,CCGAGA
1502,NSR_Ecoli_3859,CCGAGC
1503,NSR_Ecoli_3862,CCGAAT
1504,NSR_Ecoli_3865,CCGATA
1505,NSR_Ecoli_3867,CCGATC
1506,NSR_Ecoli_3875,CCGTGC
1507,NSR_Ecoli_3877,CCGTAA
1508,NSR_Ecoli_3890,CCGCGT
1509,NSR_Ecoli_3895,CCGCAC
1510,NSR_Ecoli_3899,CCGCTC
1511,NSR_Ecoli_3908,CCAGAG
1512,NSR_Ecoli_3909,CCAGAA
1513,NSR_Ecoli_3920,CCAAGG
1514,NSR_Ecoli_3921,CCAAGA
1515,NSR_Ecoli_3923,CCAAGC
1516,NSR_Ecoli_3924,CCAAAG
1517,NSR_Ecoli_3925,CCAAAA
1518,NSR_Ecoli_3926,CCAAAT
1519,NSR_Ecoli_3928,CCAATG
1520,NSR_Ecoli_3929,CCAATA
1521,NSR_Ecoli_3930,CCAATT
1522,NSR_Ecoli_3932,CCAACG
1523,NSR_Ecoli_3934,CCAACT
1524,NSR_Ecoli_3938,CCATGT
1525,NSR_Ecoli_3940,CCATAG
1526,NSR_Ecoli_3941,CCATAA
1527,NSR_Ecoli_3956,CCACAG
1528,NSR_Ecoli_3967,CCACCC
1529,NSR_Ecoli_3968,CCTGGG
1530,NSR_Ecoli_3973,CCTGAA
1531,NSR_Ecoli_3985,CCTAGA
1532,NSR_Ecoli_3987,CCTAGC
1533,NSR_Ecoli_3990,CCTAAT
1534,NSR_Ecoli_3991,CCTAAC
1535,NSR_Ecoli_3993,CCTATA
1536,NSR_Ecoli_4006,CCTTAT
1537,NSR_Ecoli_4009,CCTTTA
1538,NSR_Ecoli_4017,CCTCGA
1539,NSR_Ecoli_4044,CCCGCG
1540,NSR_Ecoli_4045,CCCGCA
1541,NSR_Ecoli_4052,CCCAAG
1542,NSR_Ecoli_4053,CCCAAA
1543,NSR_Ecoli_4054,CCCAAT
1544,NSR_Ecoli_4065,CCCTGA
1545,NSR_Ecoli_4068,CCCTAG
1546,NSR_Ecoli_4069,CCCTAA
1547,NSR_Ecoli_4074,CCCTTT
1548,NSR_Ecoli_4085,CCCCAA
1549,NSR_Ecoli_4088,CCCCTG
