,name,seq,tm
0,NSR_Hsapiens_0070,GGAGAT,18
1,NSR_Hsapiens_0073,GGAGTA,18
2,NSR_Hsapiens_0082,GGAAGT,18
3,NSR_Hsapiens_0088,GGAATG,18
4,NSR_Hsapiens_0096,GGATGG,20
5,NSR_Hsapiens_0097,GGATGA,18
6,NSR_Hsapiens_0103,GGATAC,18
7,NSR_Hsapiens_0139,GGTGTC,20
8,NSR_Hsapiens_0141,GGTGCA,20
9,NSR_Hsapiens_0142,GGTGCT,20
10,NSR_Hsapiens_0157,GGTACA,18
11,NSR_Hsapiens_0210,GGCAGT,20
12,NSR_Hsapiens_0214,GGCAAT,18
13,NSR_Hsapiens_0265,GAGGTA,18
14,NSR_Hsapiens_0281,GAGATA,16
15,NSR_Hsapiens_0286,GAGACT,18
16,NSR_Hsapiens_0290,GAGTGT,18
17,NSR_Hsapiens_0293,GAGTAA,16
18,NSR_Hsapiens_0295,GAGTAC,18
19,NSR_Hsapiens_0297,GAGTTA,16
20,NSR_Hsapiens_0318,GAGCCT,20
21,NSR_Hsapiens_0339,GAAAGC,18
22,NSR_Hsapiens_0345,GAAATA,14
23,NSR_Hsapiens_0348,GAAACG,18
24,NSR_Hsapiens_0353,GAATGA,16
25,NSR_Hsapiens_0359,GAATAC,16
26,NSR_Hsapiens_0360,GAATTG,16
27,NSR_Hsapiens_0365,GAATCA,16
28,NSR_Hsapiens_0374,GAACAT,16
29,NSR_Hsapiens_0376,GAACTG,18
30,NSR_Hsapiens_0378,GAACTT,16
31,NSR_Hsapiens_0384,GATGGG,20
32,NSR_Hsapiens_0389,GATGAA,16
33,NSR_Hsapiens_0393,GATGTA,16
34,NSR_Hsapiens_0396,GATGCG,20
35,NSR_Hsapiens_0397,GATGCA,18
36,NSR_Hsapiens_0399,GATGCC,20
37,NSR_Hsapiens_0403,GATAGC,18
38,NSR_Hsapiens_0404,GATAAG,16
39,NSR_Hsapiens_0406,GATAAT,14
40,NSR_Hsapiens_0407,GATAAC,16
41,NSR_Hsapiens_0409,GATATA,14
42,NSR_Hsapiens_0412,GATACG,18
43,NSR_Hsapiens_0413,GATACA,16
44,NSR_Hsapiens_0414,GATACT,16
45,NSR_Hsapiens_0415,GATACC,18
46,NSR_Hsapiens_0427,GATTTC,16
47,NSR_Hsapiens_0429,GATTCA,16
48,NSR_Hsapiens_0433,GATCGA,18
49,NSR_Hsapiens_0438,GATCAT,16
50,NSR_Hsapiens_0442,GATCTT,16
51,NSR_Hsapiens_0443,GATCTC,18
52,NSR_Hsapiens_0454,GACGAT,18
53,NSR_Hsapiens_0457,GACGTA,18
54,NSR_Hsapiens_0470,GACAAT,16
55,NSR_Hsapiens_0473,GACATA,16
56,NSR_Hsapiens_0482,GACTGT,18
57,NSR_Hsapiens_0500,GACCAG,20
58,NSR_Hsapiens_0502,GACCAT,18
59,NSR_Hsapiens_0518,GTGGAT,18
60,NSR_Hsapiens_0529,GTGAGA,18
61,NSR_Hsapiens_0541,GTGACA,18
62,NSR_Hsapiens_0542,GTGACT,18
63,NSR_Hsapiens_0550,GTGTAT,16
64,NSR_Hsapiens_0558,GTGTCT,18
65,NSR_Hsapiens_0565,GTGCAA,18
66,NSR_Hsapiens_0566,GTGCAT,18
67,NSR_Hsapiens_0569,GTGCTA,18
68,NSR_Hsapiens_0589,GTAGCA,18
69,NSR_Hsapiens_0594,GTAAGT,16
70,NSR_Hsapiens_0595,GTAAGC,18
71,NSR_Hsapiens_0600,GTAATG,16
72,NSR_Hsapiens_0604,GTAACG,18
73,NSR_Hsapiens_0607,GTAACC,18
74,NSR_Hsapiens_0609,GTATGA,16
75,NSR_Hsapiens_0610,GTATGT,16
76,NSR_Hsapiens_0611,GTATGC,18
77,NSR_Hsapiens_0621,GTATCA,16
78,NSR_Hsapiens_0626,GTACGT,18
79,NSR_Hsapiens_0630,GTACAT,16
80,NSR_Hsapiens_0637,GTACCA,18
81,NSR_Hsapiens_0641,GTTGGA,18
82,NSR_Hsapiens_0643,GTTGGC,20
83,NSR_Hsapiens_0648,GTTGTG,18
84,NSR_Hsapiens_0649,GTTGTA,16
85,NSR_Hsapiens_0652,GTTGCG,20
86,NSR_Hsapiens_0653,GTTGCA,18
87,NSR_Hsapiens_0654,GTTGCT,18
88,NSR_Hsapiens_0660,GTTAAG,16
89,NSR_Hsapiens_0663,GTTAAC,16
90,NSR_Hsapiens_0677,GTTTAA,14
91,NSR_Hsapiens_0706,GTCGGT,20
92,NSR_Hsapiens_0709,GTCGAA,18
93,NSR_Hsapiens_0712,GTCGTG,20
94,NSR_Hsapiens_0714,GTCGTT,18
95,NSR_Hsapiens_0730,GTCATT,16
96,NSR_Hsapiens_0731,GTCATC,18
97,NSR_Hsapiens_0740,GTCTAG,18
98,NSR_Hsapiens_0789,GCGAAA,18
99,NSR_Hsapiens_0790,GCGAAT,18
100,NSR_Hsapiens_0793,GCGATA,18
101,NSR_Hsapiens_0806,GCGTAT,18
102,NSR_Hsapiens_0808,GCGTTG,20
103,NSR_Hsapiens_0838,GCAGAT,18
104,NSR_Hsapiens_0840,GCAGTG,20
105,NSR_Hsapiens_0841,GCAGTA,18
106,NSR_Hsapiens_0853,GCAAAA,16
107,NSR_Hsapiens_0856,GCAATG,18
108,NSR_Hsapiens_0865,GCATGA,18
109,NSR_Hsapiens_0869,GCATAA,16
110,NSR_Hsapiens_0871,GCATAC,18
111,NSR_Hsapiens_0878,GCATCT,18
112,NSR_Hsapiens_0885,GCACAA,18
113,NSR_Hsapiens_0889,GCACTA,18
114,NSR_Hsapiens_0898,GCTGGT,20
115,NSR_Hsapiens_0919,GCTAAC,18
116,NSR_Hsapiens_0945,GCTCGA,20
117,NSR_Hsapiens_0950,GCTCAT,18
118,NSR_Hsapiens_0981,GCCAAA,18
119,NSR_Hsapiens_0985,GCCATA,18
120,NSR_Hsapiens_0996,GCCTAG,20
121,NSR_Hsapiens_0997,GCCTAA,18
122,NSR_Hsapiens_1000,GCCTTG,20
123,NSR_Hsapiens_1002,GCCTTT,18
124,NSR_Hsapiens_1048,AGGATG,18
125,NSR_Hsapiens_1049,AGGATA,16
126,NSR_Hsapiens_1059,AGGTGC,20
127,NSR_Hsapiens_1070,AGGTCT,18
128,NSR_Hsapiens_1094,AGAGAT,16
129,NSR_Hsapiens_1096,AGAGTG,18
130,NSR_Hsapiens_1115,AGAATC,16
131,NSR_Hsapiens_1122,AGATGT,16
132,NSR_Hsapiens_1123,AGATGC,18
133,NSR_Hsapiens_1125,AGATAA,14
134,NSR_Hsapiens_1127,AGATAC,16
135,NSR_Hsapiens_1129,AGATTA,14
136,NSR_Hsapiens_1144,AGACTG,18
137,NSR_Hsapiens_1159,AGTGAC,18
138,NSR_Hsapiens_1160,AGTGTG,18
139,NSR_Hsapiens_1167,AGTGCC,20
140,NSR_Hsapiens_1169,AGTAGA,16
141,NSR_Hsapiens_1174,AGTAAT,14
142,NSR_Hsapiens_1175,AGTAAC,16
143,NSR_Hsapiens_1176,AGTATG,16
144,NSR_Hsapiens_1178,AGTATT,14
145,NSR_Hsapiens_1179,AGTATC,16
146,NSR_Hsapiens_1180,AGTACG,18
147,NSR_Hsapiens_1183,AGTACC,18
148,NSR_Hsapiens_1187,AGTTGC,18
149,NSR_Hsapiens_1208,AGTCTG,18
150,NSR_Hsapiens_1213,AGTCCA,18
151,NSR_Hsapiens_1215,AGTCCC,20
152,NSR_Hsapiens_1222,AGCGAT,18
153,NSR_Hsapiens_1225,AGCGTA,18
154,NSR_Hsapiens_1233,AGCAGA,18
155,NSR_Hsapiens_1235,AGCAGC,20
156,NSR_Hsapiens_1238,AGCAAT,16
157,NSR_Hsapiens_1242,AGCATT,16
158,NSR_Hsapiens_1272,AGCCTG,20
159,NSR_Hsapiens_1275,AGCCTC,20
160,NSR_Hsapiens_1282,AAGGGT,18
161,NSR_Hsapiens_1284,AAGGAG,18
162,NSR_Hsapiens_1305,AAGATA,14
163,NSR_Hsapiens_1309,AAGACA,16
164,NSR_Hsapiens_1327,AAGTCC,18
165,NSR_Hsapiens_1337,AAGCTA,16
166,NSR_Hsapiens_1355,AAAGTC,16
167,NSR_Hsapiens_1357,AAAGCA,16
170,NSR_Hsapiens_1377,AAATGA,14
173,NSR_Hsapiens_1383,AAATAC,14
174,NSR_Hsapiens_1394,AAACGT,16
175,NSR_Hsapiens_1397,AAACAA,14
176,NSR_Hsapiens_1411,AATGGC,18
177,NSR_Hsapiens_1426,AATAGT,14
178,NSR_Hsapiens_1428,AATAAG,14
179,NSR_Hsapiens_1435,AATATC,14
180,NSR_Hsapiens_1437,AATACA,14
181,NSR_Hsapiens_1439,AATACC,16
183,NSR_Hsapiens_1452,AATTCG,16
184,NSR_Hsapiens_1460,AATCAG,16
185,NSR_Hsapiens_1465,AATCTA,14
186,NSR_Hsapiens_1481,AACGTA,16
187,NSR_Hsapiens_1482,AACGTT,16
188,NSR_Hsapiens_1489,AACAGA,16
189,NSR_Hsapiens_1497,AACATA,14
190,NSR_Hsapiens_1510,AACTAT,14
191,NSR_Hsapiens_1513,AACTTA,14
192,NSR_Hsapiens_1544,ATGGTG,18
193,NSR_Hsapiens_1552,ATGAGG,18
194,NSR_Hsapiens_1553,ATGAGA,16
195,NSR_Hsapiens_1554,ATGAGT,16
196,NSR_Hsapiens_1558,ATGAAT,14
197,NSR_Hsapiens_1560,ATGATG,16
198,NSR_Hsapiens_1562,ATGATT,14
199,NSR_Hsapiens_1565,ATGACA,16
200,NSR_Hsapiens_1569,ATGTGA,16
201,NSR_Hsapiens_1571,ATGTGC,18
202,NSR_Hsapiens_1573,ATGTAA,14
203,NSR_Hsapiens_1576,ATGTTG,16
204,NSR_Hsapiens_1580,ATGTCG,18
205,NSR_Hsapiens_1581,ATGTCA,16
206,NSR_Hsapiens_1585,ATGCGA,18
207,NSR_Hsapiens_1589,ATGCAA,16
208,NSR_Hsapiens_1592,ATGCTG,18
209,NSR_Hsapiens_1595,ATGCTC,18
210,NSR_Hsapiens_1596,ATGCCG,20
211,NSR_Hsapiens_1604,ATAGAG,16
212,NSR_Hsapiens_1613,ATAGCA,16
213,NSR_Hsapiens_1615,ATAGCC,18
214,NSR_Hsapiens_1617,ATAAGA,14
215,NSR_Hsapiens_1618,ATAAGT,14
216,NSR_Hsapiens_1619,ATAAGC,16
217,NSR_Hsapiens_1620,ATAAAG,14
218,NSR_Hsapiens_1623,ATAAAC,14
219,NSR_Hsapiens_1629,ATAACA,14
220,NSR_Hsapiens_1631,ATAACC,16
222,NSR_Hsapiens_1643,ATATTC,14
223,NSR_Hsapiens_1644,ATATCG,16
224,NSR_Hsapiens_1647,ATATCC,16
225,NSR_Hsapiens_1648,ATACGG,18
226,NSR_Hsapiens_1650,ATACGT,16
227,NSR_Hsapiens_1653,ATACAA,14
228,NSR_Hsapiens_1654,ATACAT,14
229,NSR_Hsapiens_1660,ATACCG,18
230,NSR_Hsapiens_1661,ATACCA,16
231,NSR_Hsapiens_1662,ATACCT,16
232,NSR_Hsapiens_1672,ATTGTG,16
233,NSR_Hsapiens_1679,ATTGCC,18
234,NSR_Hsapiens_1680,ATTAGG,16
236,NSR_Hsapiens_1691,ATTATC,14
237,NSR_Hsapiens_1692,ATTACG,16
238,NSR_Hsapiens_1698,ATTTGT,14
241,NSR_Hsapiens_1708,ATTTCG,16
242,NSR_Hsapiens_1711,ATTTCC,16
243,NSR_Hsapiens_1713,ATTCGA,16
244,NSR_Hsapiens_1717,ATTCAA,14
245,NSR_Hsapiens_1747,ATCAGC,18
246,NSR_Hsapiens_1753,ATCATA,14
247,NSR_Hsapiens_1760,ATCTGG,18
248,NSR_Hsapiens_1767,ATCTAC,16
249,NSR_Hsapiens_1773,ATCTCA,16
250,NSR_Hsapiens_1778,ATCCGT,18
251,NSR_Hsapiens_1785,ATCCTA,16
252,NSR_Hsapiens_1806,ACGGCT,20
253,NSR_Hsapiens_1810,ACGAGT,18
254,NSR_Hsapiens_1816,ACGATG,18
255,NSR_Hsapiens_1817,ACGATA,16
256,NSR_Hsapiens_1818,ACGATT,16
257,NSR_Hsapiens_1829,ACGTAA,16
258,NSR_Hsapiens_1830,ACGTAT,16
259,NSR_Hsapiens_1832,ACGTTG,18
260,NSR_Hsapiens_1833,ACGTTA,16
261,NSR_Hsapiens_1834,ACGTTT,16
262,NSR_Hsapiens_1857,ACAGGA,18
263,NSR_Hsapiens_1871,ACAGCC,20
264,NSR_Hsapiens_1873,ACAAGA,16
265,NSR_Hsapiens_1881,ACAATA,14
266,NSR_Hsapiens_1882,ACAATT,14
267,NSR_Hsapiens_1884,ACAACG,18
268,NSR_Hsapiens_1889,ACATGA,16
269,NSR_Hsapiens_1893,ACATAA,14
270,NSR_Hsapiens_1894,ACATAT,14
271,NSR_Hsapiens_1898,ACATTT,14
272,NSR_Hsapiens_1903,ACATCC,18
273,NSR_Hsapiens_1908,ACACAG,18
274,NSR_Hsapiens_1909,ACACAA,16
275,NSR_Hsapiens_1912,ACACTG,18
276,NSR_Hsapiens_1913,ACACTA,16
277,NSR_Hsapiens_1928,ACTGTG,18
278,NSR_Hsapiens_1939,ACTAGC,18
279,NSR_Hsapiens_1949,ACTACA,16
280,NSR_Hsapiens_1950,ACTACT,16
281,NSR_Hsapiens_1965,ACTTCA,16
282,NSR_Hsapiens_1966,ACTTCT,16
283,NSR_Hsapiens_1969,ACTCGA,18
284,NSR_Hsapiens_1976,ACTCTG,18
285,NSR_Hsapiens_1981,ACTCCA,18
286,NSR_Hsapiens_1993,ACCGTA,18
287,NSR_Hsapiens_2006,ACCAAT,16
288,NSR_Hsapiens_2010,ACCATT,16
289,NSR_Hsapiens_2020,ACCTAG,18
290,NSR_Hsapiens_2068,TGGAAG,18
291,NSR_Hsapiens_2079,TGGACC,20
292,NSR_Hsapiens_2082,TGGTGT,18
293,NSR_Hsapiens_2087,TGGTAC,18
294,NSR_Hsapiens_2094,TGGTCT,18
295,NSR_Hsapiens_2098,TGGCGT,20
296,NSR_Hsapiens_2102,TGGCAT,18
297,NSR_Hsapiens_2116,TGAGAG,18
298,NSR_Hsapiens_2120,TGAGTG,18
299,NSR_Hsapiens_2132,TGAAAG,16
300,NSR_Hsapiens_2134,TGAAAT,14
301,NSR_Hsapiens_2135,TGAAAC,16
302,NSR_Hsapiens_2136,TGAATG,16
303,NSR_Hsapiens_2144,TGATGG,18
304,NSR_Hsapiens_2151,TGATAC,16
305,NSR_Hsapiens_2162,TGACGT,18
306,NSR_Hsapiens_2165,TGACAA,16
307,NSR_Hsapiens_2171,TGACTC,18
308,NSR_Hsapiens_2177,TGTGGA,18
309,NSR_Hsapiens_2182,TGTGAT,16
310,NSR_Hsapiens_2184,TGTGTG,18
311,NSR_Hsapiens_2189,TGTGCA,18
312,NSR_Hsapiens_2191,TGTGCC,20
313,NSR_Hsapiens_2192,TGTAGG,18
314,NSR_Hsapiens_2194,TGTAGT,16
315,NSR_Hsapiens_2196,TGTAAG,16
316,NSR_Hsapiens_2197,TGTAAA,14
317,NSR_Hsapiens_2200,TGTATG,16
318,NSR_Hsapiens_2201,TGTATA,14
319,NSR_Hsapiens_2203,TGTATC,16
320,NSR_Hsapiens_2210,TGTTGT,16
321,NSR_Hsapiens_2211,TGTTGC,18
322,NSR_Hsapiens_2217,TGTTTA,14
323,NSR_Hsapiens_2220,TGTTCG,18
324,NSR_Hsapiens_2224,TGTCGG,20
325,NSR_Hsapiens_2226,TGTCGT,18
326,NSR_Hsapiens_2230,TGTCAT,16
327,NSR_Hsapiens_2234,TGTCTT,16
329,NSR_Hsapiens_2245,TGCGAA,18
330,NSR_Hsapiens_2247,TGCGAC,20
331,NSR_Hsapiens_2253,TGCGCA,20
332,NSR_Hsapiens_2258,TGCAGT,18
333,NSR_Hsapiens_2260,TGCAAG,18
334,NSR_Hsapiens_2265,TGCATA,16
335,NSR_Hsapiens_2267,TGCATC,18
336,NSR_Hsapiens_2269,TGCACA,18
337,NSR_Hsapiens_2293,TGCCAA,18
338,NSR_Hsapiens_2294,TGCCAT,18
339,NSR_Hsapiens_2297,TGCCTA,18
340,NSR_Hsapiens_2312,TAGGTG,18
341,NSR_Hsapiens_2315,TAGGTC,18
342,NSR_Hsapiens_2324,TAGAAG,16
343,NSR_Hsapiens_2333,TAGACA,16
344,NSR_Hsapiens_2335,TAGACC,18
345,NSR_Hsapiens_2337,TAGTGA,16
346,NSR_Hsapiens_2339,TAGTGC,18
347,NSR_Hsapiens_2343,TAGTAC,16
348,NSR_Hsapiens_2348,TAGTCG,18
349,NSR_Hsapiens_2356,TAGCAG,18
350,NSR_Hsapiens_2357,TAGCAA,16
351,NSR_Hsapiens_2359,TAGCAC,18
352,NSR_Hsapiens_2365,TAGCCA,18
353,NSR_Hsapiens_2371,TAAGGC,18
354,NSR_Hsapiens_2375,TAAGAC,16
355,NSR_Hsapiens_2376,TAAGTG,16
356,NSR_Hsapiens_2377,TAAGTA,14
357,NSR_Hsapiens_2385,TAAAGA,14
361,NSR_Hsapiens_2400,TAATGG,16
362,NSR_Hsapiens_2402,TAATGT,14
363,NSR_Hsapiens_2417,TAACGA,16
364,NSR_Hsapiens_2421,TAACAA,14
365,NSR_Hsapiens_2427,TAACTC,16
366,NSR_Hsapiens_2428,TAACCG,18
367,NSR_Hsapiens_2438,TATGAT,14
368,NSR_Hsapiens_2440,TATGTG,16
369,NSR_Hsapiens_2441,TATGTA,14
370,NSR_Hsapiens_2443,TATGTC,16
371,NSR_Hsapiens_2449,TATAGA,14
372,NSR_Hsapiens_2452,TATAAG,14
373,NSR_Hsapiens_2455,TATAAC,14
374,NSR_Hsapiens_2461,TATACA,14
376,NSR_Hsapiens_2471,TATTAC,14
377,NSR_Hsapiens_2477,TATTCA,14
378,NSR_Hsapiens_2484,TATCAG,16
379,NSR_Hsapiens_2491,TATCTC,16
380,NSR_Hsapiens_2502,TACGAT,16
381,NSR_Hsapiens_2506,TACGTT,16
382,NSR_Hsapiens_2507,TACGTC,18
383,NSR_Hsapiens_2509,TACGCA,18
384,NSR_Hsapiens_2514,TACAGT,16
385,NSR_Hsapiens_2518,TACAAT,14
386,NSR_Hsapiens_2520,TACATG,16
387,NSR_Hsapiens_2523,TACATC,16
388,NSR_Hsapiens_2524,TACACG,18
389,NSR_Hsapiens_2545,TACCGA,18
390,NSR_Hsapiens_2548,TACCAG,18
391,NSR_Hsapiens_2558,TACCCT,18
392,NSR_Hsapiens_2565,TTGGAA,16
393,NSR_Hsapiens_2581,TTGAAA,14
394,NSR_Hsapiens_2588,TTGACG,18
395,NSR_Hsapiens_2592,TTGTGG,18
396,NSR_Hsapiens_2595,TTGTGC,18
397,NSR_Hsapiens_2597,TTGTAA,14
398,NSR_Hsapiens_2598,TTGTAT,14
399,NSR_Hsapiens_2599,TTGTAC,16
400,NSR_Hsapiens_2609,TTGCGA,18
401,NSR_Hsapiens_2610,TTGCGT,18
402,NSR_Hsapiens_2612,TTGCAG,18
403,NSR_Hsapiens_2618,TTGCTT,16
404,NSR_Hsapiens_2629,TTAGAA,14
405,NSR_Hsapiens_2653,TTAACA,14
406,NSR_Hsapiens_2658,TTATGT,14
407,NSR_Hsapiens_2660,TTATAG,14
409,NSR_Hsapiens_2669,TTATCA,14
410,NSR_Hsapiens_2678,TTACAT,14
413,NSR_Hsapiens_2748,TTTCCG,18
414,NSR_Hsapiens_2756,TTCGAG,18
415,NSR_Hsapiens_2824,TCGGTG,20
416,NSR_Hsapiens_2834,TCGAGT,18
417,NSR_Hsapiens_2841,TCGATA,16
418,NSR_Hsapiens_2854,TCGTAT,16
419,NSR_Hsapiens_2869,TCGCAA,18
420,NSR_Hsapiens_2893,TCAGCA,18
421,NSR_Hsapiens_2913,TCATGA,16
422,NSR_Hsapiens_2918,TCATAT,14
423,NSR_Hsapiens_2945,TCTGGA,18
424,NSR_Hsapiens_2954,TCTGTT,16
425,NSR_Hsapiens_2960,TCTAGG,18
426,NSR_Hsapiens_2967,TCTAAC,16
427,NSR_Hsapiens_2968,TCTATG,16
428,NSR_Hsapiens_2982,TCTTAT,14
429,NSR_Hsapiens_2997,TCTCAA,16
430,NSR_Hsapiens_3000,TCTCTG,18
431,NSR_Hsapiens_3014,TCCGAT,18
432,NSR_Hsapiens_3037,TCCACA,18
433,NSR_Hsapiens_3096,CGGATG,20
434,NSR_Hsapiens_3109,CGGTAA,18
435,NSR_Hsapiens_3112,CGGTTG,20
436,NSR_Hsapiens_3145,CGAGTA,18
437,NSR_Hsapiens_3147,CGAGTC,20
438,NSR_Hsapiens_3161,CGAATA,16
439,NSR_Hsapiens_3162,CGAATT,16
440,NSR_Hsapiens_3163,CGAATC,18
441,NSR_Hsapiens_3165,CGAACA,18
442,NSR_Hsapiens_3166,CGAACT,18
443,NSR_Hsapiens_3168,CGATGG,20
444,NSR_Hsapiens_3170,CGATGT,18
445,NSR_Hsapiens_3172,CGATAG,18
446,NSR_Hsapiens_3173,CGATAA,16
447,NSR_Hsapiens_3174,CGATAT,16
448,NSR_Hsapiens_3175,CGATAC,18
449,NSR_Hsapiens_3179,CGATTC,18
450,NSR_Hsapiens_3182,CGATCT,18
451,NSR_Hsapiens_3209,CGTGTA,18
452,NSR_Hsapiens_3220,CGTAAG,18
453,NSR_Hsapiens_3222,CGTAAT,16
454,NSR_Hsapiens_3224,CGTATG,18
455,NSR_Hsapiens_3225,CGTATA,16
456,NSR_Hsapiens_3226,CGTATT,16
457,NSR_Hsapiens_3231,CGTACC,20
458,NSR_Hsapiens_3234,CGTTGT,18
459,NSR_Hsapiens_3235,CGTTGC,20
460,NSR_Hsapiens_3236,CGTTAG,18
461,NSR_Hsapiens_3254,CGTCAT,18
462,NSR_Hsapiens_3288,CGCATG,20
463,NSR_Hsapiens_3289,CGCATA,18
464,NSR_Hsapiens_3350,CAGAAT,16
465,NSR_Hsapiens_3354,CAGATT,16
466,NSR_Hsapiens_3363,CAGTGC,20
467,NSR_Hsapiens_3365,CAGTAA,16
468,NSR_Hsapiens_3366,CAGTAT,16
469,NSR_Hsapiens_3368,CAGTTG,18
470,NSR_Hsapiens_3374,CAGTCT,18
471,NSR_Hsapiens_3382,CAGCAT,18
472,NSR_Hsapiens_3390,CAGCCT,20
473,NSR_Hsapiens_3393,CAAGGA,18
474,NSR_Hsapiens_3415,CAAAAC,16
475,NSR_Hsapiens_3417,CAAATA,14
476,NSR_Hsapiens_3421,CAAACA,16
477,NSR_Hsapiens_3427,CAATGC,18
478,NSR_Hsapiens_3429,CAATAA,14
479,NSR_Hsapiens_3430,CAATAT,14
480,NSR_Hsapiens_3437,CAATCA,16
481,NSR_Hsapiens_3442,CAACGT,18
482,NSR_Hsapiens_3460,CATGAG,18
483,NSR_Hsapiens_3461,CATGAA,16
484,NSR_Hsapiens_3462,CATGAT,16
485,NSR_Hsapiens_3463,CATGAC,18
486,NSR_Hsapiens_3470,CATGCT,18
487,NSR_Hsapiens_3475,CATAGC,18
488,NSR_Hsapiens_3477,CATAAA,14
489,NSR_Hsapiens_3481,CATATA,14
490,NSR_Hsapiens_3482,CATATT,14
491,NSR_Hsapiens_3483,CATATC,16
492,NSR_Hsapiens_3484,CATACG,18
493,NSR_Hsapiens_3487,CATACC,18
494,NSR_Hsapiens_3495,CATTAC,16
495,NSR_Hsapiens_3509,CATCAA,16
496,NSR_Hsapiens_3512,CATCTG,18
497,NSR_Hsapiens_3526,CACGAT,18
498,NSR_Hsapiens_3539,CACAGC,20
499,NSR_Hsapiens_3543,CACAAC,18
500,NSR_Hsapiens_3553,CACTGA,18
501,NSR_Hsapiens_3586,CTGGGT,20
503,NSR_Hsapiens_3601,CTGAGA,18
504,NSR_Hsapiens_3602,CTGAGT,18
505,NSR_Hsapiens_3606,CTGAAT,16
506,NSR_Hsapiens_3617,CTGTGA,18
507,NSR_Hsapiens_3619,CTGTGC,20
508,NSR_Hsapiens_3620,CTGTAG,18
509,NSR_Hsapiens_3628,CTGTCG,20
510,NSR_Hsapiens_3645,CTGCCA,20
511,NSR_Hsapiens_3655,CTAGAC,18
512,NSR_Hsapiens_3657,CTAGTA,16
513,NSR_Hsapiens_3659,CTAGTC,18
514,NSR_Hsapiens_3661,CTAGCA,18
515,NSR_Hsapiens_3672,CTAATG,16
516,NSR_Hsapiens_3678,CTAACT,16
517,NSR_Hsapiens_3682,CTATGT,16
518,NSR_Hsapiens_3683,CTATGC,18
519,NSR_Hsapiens_3699,CTACGC,20
520,NSR_Hsapiens_3706,CTACTT,16
521,NSR_Hsapiens_3711,CTACCC,20
522,NSR_Hsapiens_3721,CTTGTA,16
523,NSR_Hsapiens_3741,CTTACA,16
524,NSR_Hsapiens_3748,CTTTAG,16
525,NSR_Hsapiens_3801,CTCATA,16
526,NSR_Hsapiens_3803,CTCATC,18
527,NSR_Hsapiens_3809,CTCTGA,18
528,NSR_Hsapiens_3810,CTCTGT,18
529,NSR_Hsapiens_3862,CCGAAT,18
530,NSR_Hsapiens_3864,CCGATG,20
531,NSR_Hsapiens_3865,CCGATA,18
532,NSR_Hsapiens_3873,CCGTGA,20
533,NSR_Hsapiens_3877,CCGTAA,18
534,NSR_Hsapiens_3910,CCAGAT,18
535,NSR_Hsapiens_3912,CCAGTG,20
536,NSR_Hsapiens_3917,CCAGCA,20
537,NSR_Hsapiens_3929,CCAATA,16
538,NSR_Hsapiens_3937,CCATGA,18
539,NSR_Hsapiens_3942,CCATAT,16
540,NSR_Hsapiens_3973,CCTGAA,18
541,NSR_Hsapiens_3985,CCTAGA,18
542,NSR_Hsapiens_3988,CCTAAG,18
543,NSR_Hsapiens_3989,CCTAAA,16
544,NSR_Hsapiens_3990,CCTAAT,16
545,NSR_Hsapiens_3992,CCTATG,18
546,NSR_Hsapiens_3995,CCTATC,18
547,NSR_Hsapiens_3999,CCTACC,20
548,NSR_Hsapiens_4021,CCTCAA,18
549,NSR_Hsapiens_4041,CCCGTA,20
550,NSR_Hsapiens_4054,CCCAAT,18
551,NSR_Hsapiens_4057,CCCATA,18
552,NSR_Hsapiens_4069,CCCTAA,18
553,NSR_Hsapiens_4071,CCCTAC,20
