name,seq
NSR_Mmusculus_0070,GGAGAT
NSR_Mmusculus_0073,GGAGTA
NSR_Mmusculus_0097,GGATGA
NSR_Mmusculus_0121,GGACTA
NSR_Mmusculus_0162,GGTTGT
NSR_Mmusculus_0163,GGTTGC
NSR_Mmusculus_0214,GGCAAT
NSR_Mmusculus_0217,GGCATA
NSR_Mmusculus_0286,GAGACT
NSR_Mmusculus_0293,GAGTAA
NSR_Mmusculus_0294,GAGTAT
NSR_Mmusculus_0295,GAGTAC
NSR_Mmusculus_0297,GAGTTA
NSR_Mmusculus_0331,GAAGTC
NSR_Mmusculus_0359,GAATAC
NSR_Mmusculus_0376,GAACTG
NSR_Mmusculus_0389,GATGAA
NSR_Mmusculus_0407,GATAAC
NSR_Mmusculus_0410,GATATT
NSR_Mmusculus_0411,GATATC
NSR_Mmusculus_0413,GATACA
NSR_Mmusculus_0414,GATACT
NSR_Mmusculus_0416,GATTGG
NSR_Mmusculus_0418,GATTGT
NSR_Mmusculus_0433,GATCGA
NSR_Mmusculus_0438,GATCAT
NSR_Mmusculus_0443,GATCTC
NSR_Mmusculus_0473,GACATA
NSR_Mmusculus_0482,GACTGT
NSR_Mmusculus_0506,GACCTT
NSR_Mmusculus_0529,GTGAGA
NSR_Mmusculus_0537,GTGATA
NSR_Mmusculus_0555,GTGTTC
NSR_Mmusculus_0565,GTGCAA
NSR_Mmusculus_0569,GTGCTA
NSR_Mmusculus_0582,GTAGAT
NSR_Mmusculus_0587,GTAGTC
NSR_Mmusculus_0595,GTAAGC
NSR_Mmusculus_0596,GTAAAG
NSR_Mmusculus_0601,GTAATA
NSR_Mmusculus_0603,GTAATC
NSR_Mmusculus_0615,GTATAC
NSR_Mmusculus_0621,GTATCA
NSR_Mmusculus_0628,GTACAG
NSR_Mmusculus_0630,GTACAT
NSR_Mmusculus_0631,GTACAC
NSR_Mmusculus_0637,GTACCA
NSR_Mmusculus_0638,GTACCT
NSR_Mmusculus_0648,GTTGTG
NSR_Mmusculus_0649,GTTGTA
NSR_Mmusculus_0652,GTTGCG
NSR_Mmusculus_0654,GTTGCT
NSR_Mmusculus_0655,GTTGCC
NSR_Mmusculus_0664,GTTATG
NSR_Mmusculus_0674,GTTTGT
NSR_Mmusculus_0691,GTTCGC
NSR_Mmusculus_0706,GTCGGT
NSR_Mmusculus_0709,GTCGAA
NSR_Mmusculus_0717,GTCGCA
NSR_Mmusculus_0730,GTCATT
NSR_Mmusculus_0731,GTCATC
NSR_Mmusculus_0732,GTCACG
NSR_Mmusculus_0758,GTCCAT
NSR_Mmusculus_0786,GCGAGT
NSR_Mmusculus_0790,GCGAAT
NSR_Mmusculus_0793,GCGATA
NSR_Mmusculus_0808,GCGTTG
NSR_Mmusculus_0810,GCGTTT
NSR_Mmusculus_0822,GCGCAT
NSR_Mmusculus_0825,GCGCTA
NSR_Mmusculus_0841,GCAGTA
NSR_Mmusculus_0869,GCATAA
NSR_Mmusculus_0871,GCATAC
NSR_Mmusculus_0872,GCATTG
NSR_Mmusculus_0873,GCATTA
NSR_Mmusculus_0889,GCACTA
NSR_Mmusculus_0917,GCTAAA
NSR_Mmusculus_0918,GCTAAT
NSR_Mmusculus_0919,GCTAAC
NSR_Mmusculus_0945,GCTCGA
NSR_Mmusculus_0950,GCTCAT
NSR_Mmusculus_0985,GCCATA
NSR_Mmusculus_0994,GCCTGT
NSR_Mmusculus_0996,GCCTAG
NSR_Mmusculus_0997,GCCTAA
NSR_Mmusculus_1000,GCCTTG
NSR_Mmusculus_1002,GCCTTT
NSR_Mmusculus_1059,AGGTGC
NSR_Mmusculus_1070,AGGTCT
NSR_Mmusculus_1081,AGGCTA
NSR_Mmusculus_1112,AGAATG
NSR_Mmusculus_1115,AGAATC
NSR_Mmusculus_1127,AGATAC
NSR_Mmusculus_1128,AGATTG
NSR_Mmusculus_1131,AGATTC
NSR_Mmusculus_1159,AGTGAC
NSR_Mmusculus_1166,AGTGCT
NSR_Mmusculus_1169,AGTAGA
NSR_Mmusculus_1172,AGTAAG
NSR_Mmusculus_1175,AGTAAC
NSR_Mmusculus_1178,AGTATT
NSR_Mmusculus_1179,AGTATC
NSR_Mmusculus_1181,AGTACA
NSR_Mmusculus_1187,AGTTGC
NSR_Mmusculus_1189,AGTTAA
NSR_Mmusculus_1201,AGTCGA
NSR_Mmusculus_1213,AGTCCA
NSR_Mmusculus_1222,AGCGAT
NSR_Mmusculus_1225,AGCGTA
NSR_Mmusculus_1226,AGCGTT
NSR_Mmusculus_1242,AGCATT
NSR_Mmusculus_1272,AGCCTG
NSR_Mmusculus_1306,AAGATT
NSR_Mmusculus_1318,AAGTAT
NSR_Mmusculus_1347,AAAGGC
NSR_Mmusculus_1376,AAATGG
NSR_Mmusculus_1383,AAATAC
NSR_Mmusculus_1411,AATGGC
NSR_Mmusculus_1420,AATGCG
NSR_Mmusculus_1435,AATATC
NSR_Mmusculus_1437,AATACA
NSR_Mmusculus_1452,AATTCG
NSR_Mmusculus_1460,AATCAG
NSR_Mmusculus_1468,AATCCG
NSR_Mmusculus_1497,AACATA
NSR_Mmusculus_1504,AACTGG
NSR_Mmusculus_1506,AACTGT
NSR_Mmusculus_1510,AACTAT
NSR_Mmusculus_1529,AACCTA
NSR_Mmusculus_1552,ATGAGG
NSR_Mmusculus_1556,ATGAAG
NSR_Mmusculus_1560,ATGATG
NSR_Mmusculus_1562,ATGATT
NSR_Mmusculus_1565,ATGACA
NSR_Mmusculus_1569,ATGTGA
NSR_Mmusculus_1573,ATGTAA
NSR_Mmusculus_1580,ATGTCG
NSR_Mmusculus_1581,ATGTCA
NSR_Mmusculus_1586,ATGCGT
NSR_Mmusculus_1588,ATGCAG
NSR_Mmusculus_1592,ATGCTG
NSR_Mmusculus_1604,ATAGAG
NSR_Mmusculus_1612,ATAGCG
NSR_Mmusculus_1613,ATAGCA
NSR_Mmusculus_1615,ATAGCC
NSR_Mmusculus_1619,ATAAGC
NSR_Mmusculus_1624,ATAATG
NSR_Mmusculus_1629,ATAACA
NSR_Mmusculus_1631,ATAACC
NSR_Mmusculus_1640,ATATTG
NSR_Mmusculus_1641,ATATTA
NSR_Mmusculus_1643,ATATTC
NSR_Mmusculus_1644,ATATCG
NSR_Mmusculus_1647,ATATCC
NSR_Mmusculus_1650,ATACGT
NSR_Mmusculus_1652,ATACAG
NSR_Mmusculus_1653,ATACAA
NSR_Mmusculus_1654,ATACAT
NSR_Mmusculus_1656,ATACTG
NSR_Mmusculus_1671,ATTGAC
NSR_Mmusculus_1672,ATTGTG
NSR_Mmusculus_1673,ATTGTA
NSR_Mmusculus_1691,ATTATC
NSR_Mmusculus_1692,ATTACG
NSR_Mmusculus_1713,ATTCGA
NSR_Mmusculus_1744,ATCAGG
NSR_Mmusculus_1747,ATCAGC
NSR_Mmusculus_1753,ATCATA
NSR_Mmusculus_1767,ATCTAC
NSR_Mmusculus_1768,ATCTTG
NSR_Mmusculus_1773,ATCTCA
NSR_Mmusculus_1778,ATCCGT
NSR_Mmusculus_1785,ATCCTA
NSR_Mmusculus_1817,ACGATA
NSR_Mmusculus_1818,ACGATT
NSR_Mmusculus_1829,ACGTAA
NSR_Mmusculus_1832,ACGTTG
NSR_Mmusculus_1833,ACGTTA
NSR_Mmusculus_1854,ACGCCT
NSR_Mmusculus_1865,ACAGTA
NSR_Mmusculus_1881,ACAATA
NSR_Mmusculus_1882,ACAATT
NSR_Mmusculus_1886,ACAACT
NSR_Mmusculus_1889,ACATGA
NSR_Mmusculus_1890,ACATGT
NSR_Mmusculus_1893,ACATAA
NSR_Mmusculus_1913,ACACTA
NSR_Mmusculus_1928,ACTGTG
NSR_Mmusculus_1930,ACTGTT
NSR_Mmusculus_1939,ACTAGC
NSR_Mmusculus_1944,ACTATG
NSR_Mmusculus_1949,ACTACA
NSR_Mmusculus_1966,ACTTCT
NSR_Mmusculus_1969,ACTCGA
NSR_Mmusculus_1973,ACTCAA
NSR_Mmusculus_2006,ACCAAT
NSR_Mmusculus_2017,ACCTGA
NSR_Mmusculus_2022,ACCTAT
NSR_Mmusculus_2051,TGGGGC
NSR_Mmusculus_2069,TGGAAA
NSR_Mmusculus_2087,TGGTAC
NSR_Mmusculus_2088,TGGTTG
NSR_Mmusculus_2094,TGGTCT
NSR_Mmusculus_2120,TGAGTG
NSR_Mmusculus_2121,TGAGTA
NSR_Mmusculus_2131,TGAAGC
NSR_Mmusculus_2144,TGATGG
NSR_Mmusculus_2147,TGATGC
NSR_Mmusculus_2150,TGATAT
NSR_Mmusculus_2152,TGATTG
NSR_Mmusculus_2162,TGACGT
NSR_Mmusculus_2168,TGACTG
NSR_Mmusculus_2181,TGTGAA
NSR_Mmusculus_2186,TGTGTT
NSR_Mmusculus_2191,TGTGCC
NSR_Mmusculus_2193,TGTAGA
NSR_Mmusculus_2194,TGTAGT
NSR_Mmusculus_2200,TGTATG
NSR_Mmusculus_2201,TGTATA
NSR_Mmusculus_2203,TGTATC
NSR_Mmusculus_2206,TGTACT
NSR_Mmusculus_2212,TGTTAG
NSR_Mmusculus_2220,TGTTCG
NSR_Mmusculus_2224,TGTCGG
NSR_Mmusculus_2227,TGTCGC
NSR_Mmusculus_2230,TGTCAT
NSR_Mmusculus_2237,TGTCCA
NSR_Mmusculus_2245,TGCGAA
NSR_Mmusculus_2248,TGCGTG
NSR_Mmusculus_2253,TGCGCA
NSR_Mmusculus_2256,TGCAGG
NSR_Mmusculus_2257,TGCAGA
NSR_Mmusculus_2258,TGCAGT
NSR_Mmusculus_2260,TGCAAG
NSR_Mmusculus_2265,TGCATA
NSR_Mmusculus_2277,TGCTAA
NSR_Mmusculus_2278,TGCTAT
NSR_Mmusculus_2293,TGCCAA
NSR_Mmusculus_2294,TGCCAT
NSR_Mmusculus_2296,TGCCTG
NSR_Mmusculus_2304,TAGGGG
NSR_Mmusculus_2335,TAGACC
NSR_Mmusculus_2337,TAGTGA
NSR_Mmusculus_2339,TAGTGC
NSR_Mmusculus_2343,TAGTAC
NSR_Mmusculus_2354,TAGCGT
NSR_Mmusculus_2356,TAGCAG
NSR_Mmusculus_2365,TAGCCA
NSR_Mmusculus_2375,TAAGAC
NSR_Mmusculus_2376,TAAGTG
NSR_Mmusculus_2380,TAAGCG
NSR_Mmusculus_2387,TAAAGC
NSR_Mmusculus_2400,TAATGG
NSR_Mmusculus_2422,TAACAT
NSR_Mmusculus_2427,TAACTC
NSR_Mmusculus_2428,TAACCG
NSR_Mmusculus_2436,TATGAG
NSR_Mmusculus_2438,TATGAT
NSR_Mmusculus_2440,TATGTG
NSR_Mmusculus_2441,TATGTA
NSR_Mmusculus_2444,TATGCG
NSR_Mmusculus_2447,TATGCC
NSR_Mmusculus_2456,TATATG
NSR_Mmusculus_2461,TATACA
NSR_Mmusculus_2471,TATTAC
NSR_Mmusculus_2483,TATCGC
NSR_Mmusculus_2484,TATCAG
NSR_Mmusculus_2486,TATCAT
NSR_Mmusculus_2502,TACGAT
NSR_Mmusculus_2506,TACGTT
NSR_Mmusculus_2513,TACAGA
NSR_Mmusculus_2514,TACAGT
NSR_Mmusculus_2519,TACAAC
NSR_Mmusculus_2520,TACATG
NSR_Mmusculus_2521,TACATA
NSR_Mmusculus_2523,TACATC
NSR_Mmusculus_2526,TACACT
NSR_Mmusculus_2530,TACTGT
NSR_Mmusculus_2531,TACTGC
NSR_Mmusculus_2542,TACTCT
NSR_Mmusculus_2548,TACCAG
NSR_Mmusculus_2580,TTGAAG
NSR_Mmusculus_2584,TTGATG
NSR_Mmusculus_2588,TTGACG
NSR_Mmusculus_2592,TTGTGG
NSR_Mmusculus_2593,TTGTGA
NSR_Mmusculus_2595,TTGTGC
NSR_Mmusculus_2596,TTGTAG
NSR_Mmusculus_2598,TTGTAT
NSR_Mmusculus_2599,TTGTAC
NSR_Mmusculus_2606,TTGTCT
NSR_Mmusculus_2609,TTGCGA
NSR_Mmusculus_2610,TTGCGT
NSR_Mmusculus_2612,TTGCAG
NSR_Mmusculus_2674,TTACGT
NSR_Mmusculus_2678,TTACAT
NSR_Mmusculus_2699,TTTGTC
NSR_Mmusculus_2756,TTCGAG
NSR_Mmusculus_2760,TTCGTG
NSR_Mmusculus_2808,TTCCTG
NSR_Mmusculus_2824,TCGGTG
NSR_Mmusculus_2834,TCGAGT
NSR_Mmusculus_2835,TCGAGC
NSR_Mmusculus_2845,TCGACA
NSR_Mmusculus_2846,TCGACT
NSR_Mmusculus_2882,TCAGGT
NSR_Mmusculus_2913,TCATGA
NSR_Mmusculus_2918,TCATAT
NSR_Mmusculus_2952,TCTGTG
NSR_Mmusculus_2954,TCTGTT
NSR_Mmusculus_2967,TCTAAC
NSR_Mmusculus_2971,TCTATC
NSR_Mmusculus_2974,TCTACT
NSR_Mmusculus_3014,TCCGAT
NSR_Mmusculus_3035,TCCATC
NSR_Mmusculus_3090,CGGAGT
NSR_Mmusculus_3107,CGGTGC
NSR_Mmusculus_3109,CGGTAA
NSR_Mmusculus_3112,CGGTTG
NSR_Mmusculus_3113,CGGTTA
NSR_Mmusculus_3145,CGAGTA
NSR_Mmusculus_3147,CGAGTC
NSR_Mmusculus_3161,CGAATA
NSR_Mmusculus_3163,CGAATC
NSR_Mmusculus_3165,CGAACA
NSR_Mmusculus_3170,CGATGT
NSR_Mmusculus_3172,CGATAG
NSR_Mmusculus_3173,CGATAA
NSR_Mmusculus_3175,CGATAC
NSR_Mmusculus_3179,CGATTC
NSR_Mmusculus_3218,CGTAGT
NSR_Mmusculus_3222,CGTAAT
NSR_Mmusculus_3226,CGTATT
NSR_Mmusculus_3229,CGTACA
NSR_Mmusculus_3232,CGTTGG
NSR_Mmusculus_3234,CGTTGT
NSR_Mmusculus_3235,CGTTGC
NSR_Mmusculus_3250,CGTCGT
NSR_Mmusculus_3254,CGTCAT
NSR_Mmusculus_3285,CGCAAA
NSR_Mmusculus_3288,CGCATG
NSR_Mmusculus_3289,CGCATA
NSR_Mmusculus_3300,CGCTAG
NSR_Mmusculus_3350,CAGAAT
NSR_Mmusculus_3353,CAGATA
NSR_Mmusculus_3354,CAGATT
NSR_Mmusculus_3367,CAGTAC
NSR_Mmusculus_3382,CAGCAT
NSR_Mmusculus_3427,CAATGC
NSR_Mmusculus_3430,CAATAT
NSR_Mmusculus_3432,CAATTG
NSR_Mmusculus_3451,CAACTC
NSR_Mmusculus_3460,CATGAG
NSR_Mmusculus_3462,CATGAT
NSR_Mmusculus_3463,CATGAC
NSR_Mmusculus_3475,CATAGC
NSR_Mmusculus_3476,CATAAG
NSR_Mmusculus_3482,CATATT
NSR_Mmusculus_3483,CATATC
NSR_Mmusculus_3484,CATACG
NSR_Mmusculus_3487,CATACC
NSR_Mmusculus_3495,CATTAC
NSR_Mmusculus_3509,CATCAA
NSR_Mmusculus_3512,CATCTG
NSR_Mmusculus_3526,CACGAT
NSR_Mmusculus_3593,CTGGTA
NSR_Mmusculus_3617,CTGTGA
NSR_Mmusculus_3618,CTGTGT
NSR_Mmusculus_3619,CTGTGC
NSR_Mmusculus_3620,CTGTAG
NSR_Mmusculus_3624,CTGTTG
NSR_Mmusculus_3655,CTAGAC
NSR_Mmusculus_3656,CTAGTG
NSR_Mmusculus_3661,CTAGCA
NSR_Mmusculus_3668,CTAAAG
NSR_Mmusculus_3672,CTAATG
NSR_Mmusculus_3678,CTAACT
NSR_Mmusculus_3682,CTATGT
NSR_Mmusculus_3683,CTATGC
NSR_Mmusculus_3694,CTATCT
NSR_Mmusculus_3704,CTACTG
NSR_Mmusculus_3706,CTACTT
NSR_Mmusculus_3716,CTTGAG
NSR_Mmusculus_3725,CTTGCA
NSR_Mmusculus_3726,CTTGCT
NSR_Mmusculus_3778,CTCGGT
NSR_Mmusculus_3796,CTCAAG
NSR_Mmusculus_3803,CTCATC
NSR_Mmusculus_3809,CTCTGA
NSR_Mmusculus_3810,CTCTGT
NSR_Mmusculus_3850,CCGGTT
NSR_Mmusculus_3862,CCGAAT
NSR_Mmusculus_3865,CCGATA
NSR_Mmusculus_3910,CCAGAT
NSR_Mmusculus_3912,CCAGTG
NSR_Mmusculus_3942,CCATAT
NSR_Mmusculus_3973,CCTGAA
NSR_Mmusculus_3986,CCTAGT
NSR_Mmusculus_3992,CCTATG
NSR_Mmusculus_3995,CCTATC
NSR_Mmusculus_4022,CCTCAT
NSR_Mmusculus_4057,CCCATA
